State,County,2000,2001,2002,2003,2004,2005,2006,2007,2008,2009,2010,2011,2012,2013,2014,2015
CA, Alameda County ,6.96629,7.21342,7.18142,6.60174,8.71537,8.39377,9.13821,9.54857,8.5296,11.07746,11.4293,12.14084,11.18581,11.1306,12.36895,10.71813
CA, Alpine County ,0,0,0,0,0,0,0,0,0,0,0,0,0,0,0,0
CA, Amador County ,2.84471,19.60949,13.67577,8.10942,16.04278,5.25762,7.82207,10.32098,7.84355,13.076,18.48478,29.31457,26.96217,10.93613,19.05332,29.70885
CA, Butte County ,6.37858,6.30477,5.26014,7.56569,5.63208,3.25957,5.53444,7.81721,7.3048,15.92523,11.36451,9.54602,9.94665,11.25538,15.62681,6.21529
CA, Calaveras County ,0,4.84215,2.3596,9.14181,8.98271,2.20775,4.34358,10.8066,8.64584,4.3573,15.39747,8.868,15.63896,20.18978,17.94164,20.07136
CA, Colusa County ,5.31434,5.25707,5.19967,5.11038,9.89756,0,0,0,9.46342,9.41176,13.98862,4.68033,14.06931,4.68999,9.40911,9.38174
CA, Contra Costa County ,3.9882,4.84061,5.0007,5.77197,5.13893,7.80771,7.69358,8.52201,8.99013,8.67144,8.45305,10.50532,11.40746,9.68895,10.45991,10.50541
CA, Del Norte County ,21.86589,3.66408,7.30007,10.86917,14.31127,17.67971,17.72358,7.03854,17.54632,10.48988,17.50578,14.05185,7.08918,3.59234,14.67782,10.98861
CA, El Dorado County ,1.90886,3.72437,3.63207,4.75254,4.66057,6.28561,6.78837,4.50212,10.60564,7.75817,9.38433,10.50519,9.9691,9.37016,8.74169,11.93324
CA, Fresno County ,7.23835,7.25689,8.91822,7.6724,8.12975,5.96009,8.82491,7.36662,8.79478,10.52657,10.61704,10.84534,8.23789,10.0654,12.66676,10.18382
CA, Glenn County ,7.57117,3.78072,15.00882,11.10453,7.37409,3.65057,0,10.80108,3.56901,0,7.11516,7.09572,10.73806,7.16461,3.57373,14.30564
CA, Humboldt County ,7.90751,2.35257,5.43563,7.70689,7.65099,9.88616,6.05634,11.36355,9.04589,8.22467,10.36791,14.7882,11.88151,11.89105,17.07942,23.63665
CA, Imperial County ,11.23517,4.87102,11.67262,9.39698,8.53808,8.3273,8.72247,3.64529,8.33745,10.46463,10.87261,9.64665,15.7936,15.80189,19.00864,17.79696
CA, Inyo County ,5.56948,16.55903,0,10.75674,5.38271,0,32.66195,10.85423,10.91822,16.17774,16.20483,5.4339,10.86484,5.42947,0,10.9583
CA, Kern County ,2.86229,4.72971,3.31384,5.60011,4.61771,6.44122,6.50086,6.59794,7.82083,6.86634,6.17815,8.82889,7.24462,7.5192,11.58074,8.6413
CA, Kings County ,3.08083,5.26787,7.38722,3.58698,4.87462,10.33435,8.12392,5.31844,4.60445,4.59686,9.18828,13.16699,10.59308,15.94896,9.35397,7.31719
CA, Lake County ,5.12488,8.30303,8.12836,8.00051,7.92192,9.40277,9.3455,15.60622,15.52988,21.73474,20.07939,20.23598,9.3835,12.5439,12.48069,13.96518
CA, Lassen County ,0,8.94241,5.98265,0,5.80417,2.89956,2.88976,8.42342,5.67843,14.22071,2.87043,14.58236,5.94142,18.666,15.76591,3.19152
CA, Los Angeles Registry ,6.39534,6.89796,7.43876,6.67544,7.64811,8.30747,7.89694,8.93781,9.01887,9.86983,9.99443,9.95098,10.60927,10.37399,9.95369,10.48233
CA, Madera County ,3.23659,2.3889,6.23203,6.02691,5.10554,4.27615,9.05154,10.26926,10.78465,14.07186,7.28,14.4773,9.21374,13.17428,10.38482,9.72094
CA, Marin County ,6.46412,5.24477,2.84293,8.56954,4.92269,8.18981,14.31025,7.7158,9.25933,5.97938,9.88353,13.30948,7.02949,12.37882,12.28331,9.95963
CA, Mariposa County ,5.84761,5.8483,0,5.64748,11.20825,0,10.97755,21.77937,5.43124,5.49089,5.47645,16.49439,0,11.27015,16.98947,28.48516
CA, Mendocino County ,8.1012,4.60612,8.01245,11.34559,13.63172,21.59557,12.59374,5.74244,9.1462,7.97975,13.66634,11.43615,16.01666,12.61367,11.43524,19.46127
CA, Merced County ,7.538,4.57005,6.21253,5.17833,5.90269,5.77191,6.52162,5.23055,7.98282,5.94526,6.61914,10.0124,9.18028,9.89869,9.42902,12.35488
CA, Modoc County ,0,21.39037,0,10.52521,0,0,10.39825,0,20.94022,31.10097,0,10.52964,10.72041,21.97802,0,0
CA, Mono County ,0,0,0,7.48951,0,7.4217,0,0,0,0,0,0,0,0,7.11997,0
CA, Monterey County ,6.20363,6.63257,4.89025,6.83385,6.60581,7.40487,5.97266,8.69833,7.88135,11.21232,11.76711,11.63462,12.21233,11.44689,11.86317,9.02763
CA, Napa County ,4.81676,6.30825,6.21388,4.61049,6.90253,7.66983,6.84723,10.55942,8.94901,17.74098,9.50202,11.59925,15.11901,8.56519,12.75718,15.5089
CA, Nevada County ,8.64678,13.87185,6.33935,9.41364,11.39755,10.28278,12.30151,10.22558,6.10998,10.14291,7.08631,15.18649,9.15518,16.30058,17.20717,7.08294
CA, Orange County ,5.28987,6.72337,6.1893,6.00811,5.77895,7.51687,8.0825,7.12914,8.75712,8.70387,8.45029,8.51375,9.17361,9.89534,11.26199,9.4723
CA, Placer County ,4.38226,5.31078,3.61132,5.50346,5.61351,3.83678,6.8337,5.77467,7.10968,9.01661,8.85123,8.40847,10.80279,11.18889,9.98688,7.21187
CA, Plumas County ,4.81835,0,4.79249,23.85838,14.28571,4.75964,19.26597,24.19316,19.59824,9.91621,15.06175,15.23539,15.52233,0,16.15248,10.86897
CA, Riverside County ,4.42596,4.57741,5.98644,6.09599,5.60181,6.10834,7.4042,6.74639,6.73078,6.89422,7.85569,6.48437,6.79936,8.98993,10.07555,9.3502
CA, Sacramento County ,6.66699,5.844,5.76445,7.22603,8.08047,10.21446,8.17779,10.64322,9.75303,10.57787,10.82968,10.1742,10.29549,11.98611,14.68064,11.62601
CA, San Benito County ,0,5.49008,3.63266,5.43498,5.46956,7.31971,9.23805,11.09632,7.37096,9.1851,7.2002,8.90329,7.04238,15.66007,10.32738,11.97134
CA, San Bernardino County ,5.70418,6.3042,4.72277,5.36261,5.89764,6.84183,6.93973,6.82676,7.98509,8.39143,8.13103,8.82234,9.91697,9.24354,10.39918,10.60048
CA, San Diego County ,5.5175,5.43616,5.96479,6.86176,7.84981,8.37197,8.38058,9.03976,9.26503,9.31007,9.66387,9.07443,9.99524,11.27883,10.46379,11.06301
CA, San Francisco County ,11.18417,16.6482,15.91774,19.31711,16.28739,18.4793,16.91277,19.00669,15.92614,20.32617,23.45594,21.08691,21.83838,21.08951,19.51967,21.46162
CA, San Joaquin County ,4.57839,4.73607,5.25416,6.38184,7.1551,7.91494,5.58228,7.93318,9.23042,7.82015,13.82059,10.93615,10.70494,10.38016,13.1797,13.54534
CA, San Luis Obispo County ,2.82441,7.95349,5.13665,9.03115,8.56558,5.41345,9.597,8.37234,7.13326,9.32331,8.1509,11.06293,10.20085,9.41378,11.11601,5.69476
CA, San Mateo County ,6.78139,6.51908,7.45383,8.22443,9.56299,11.01325,11.73614,11.38576,10.08766,12.61181,11.38992,10.15202,10.81107,10.68159,11.89188,13.36494
CA, Santa Barbara County ,6.75017,4.46468,4.9361,4.67048,6.38375,8.08667,6.37122,8.02445,8.17585,8.32628,7.3045,8.92023,10.68183,10.32584,8.62552,9.91404
CA, Santa Clara County ,6.76579,8.41191,7.72757,7.69419,7.99679,9.66984,10.76185,11.21478,11.43045,11.44387,10.46659,11.69418,12.07186,10.01628,13.01709,10.68004
CA, Santa Cruz County ,3.90877,7.03001,1.57152,4.34747,3.96266,7.55837,7.94862,8.68522,6.23733,8.84585,11.39515,10.94769,9.75848,13.38549,10.70225,8.4056
CA, Shasta County ,5.50072,4.20653,4.11286,7.50569,6.86236,6.2637,7.94705,6.79702,8.46277,11.84573,12.40695,8.99063,11.20888,12.84471,13.35433,15.6162
CA, Sierra County ,0,28.42524,57.43825,0,29.15452,29.60332,0,0,0,0,31.0559,0,0,32.90556,0,33.5233
CA, Siskiyou County ,6.78457,9.10996,6.82361,2.258,9.01023,11.20047,6.74354,13.49376,6.69942,2.23274,15.57771,4.47698,4.53032,22.91896,6.90036,16.09825
CA, Solano County ,4.78621,5.44273,5.63413,4.89705,6.10797,8.08465,6.85599,9.06323,7.8245,13.40515,9.17799,9.84427,12.62262,15.56707,19.32025,13.35418
CA, Sonoma County ,5.64701,6.87739,6.23256,7.07412,8.35459,8.37021,9.02861,8.34482,10.35742,9.38519,8.25054,13.12441,10.39736,15.16202,14.424,12.56296
CA, Stanislaus County ,3.55974,4.09694,5.0265,5.74528,5.48098,5.19979,6.34102,7.08893,6.28644,5.27822,7.37374,10.42324,7.48044,11.24358,10.94848,14.00861
CA, Sutter County ,2.52551,2.49569,4.86843,3.54313,6.9377,6.7595,6.5853,3.22723,5.32737,11.65674,5.27393,11.62619,3.17925,11.60325,14.70032,14.58668
CA, Tehama County ,7.12124,5.29241,3.48554,6.83434,11.75068,3.30022,8.1186,14.48179,4.78866,6.36021,7.86522,6.32371,7.91979,9.54882,17.5282,12.68372
CA, Trinity County ,0,0,0,0,0,0,14.66921,7.32708,14.64558,7.26639,14.5296,29.16302,14.81481,7.44602,0,0
CA, Tulare County ,5.96809,5.35947,5.53261,5.14479,7.03118,3.43162,4.57918,6.86976,7.92018,6.17867,8.57627,7.59974,7.5438,9.26428,9.86593,6.76504
CA, Tuolumne County ,9.14779,7.23943,8.95255,15.92554,8.83361,8.80468,5.29287,14.19976,8.87784,19.69738,10.87311,18.26517,9.23634,14.83129,18.57804,9.32575
CA, Ventura County ,5.02309,3.52164,4.61841,3.93366,3.27458,4.91062,5.26195,7.37475,5.08462,8.21955,8.84505,7.70428,7.3096,8.2192,10.3071,11.20654
CA, Yolo County ,2.94403,3.99231,7.20913,2.73293,4.85864,5.90544,10.0203,6.68934,7.10105,12.01255,8.45258,6.43033,9.2715,13.06336,8.14422,15.07997
CA, Yuba County ,8.28199,6.53072,4.83092,3.18811,7.84412,7.54318,7.21792,9.89245,9.75297,1.39651,8.29348,9.64878,13.71723,8.19303,12.19909,12.11322
CT, Fairfield County ,5.65378,6.41124,4.47978,6.02449,5.68263,7.46391,6.13665,6.23957,6.52782,7.35923,9.13292,8.50477,7.7011,8.50502,7.94756,7.09239
CT, Hartford County ,5.4752,4.63729,6.68626,7.44273,6.63275,6.26366,7.37548,8.70501,8.55961,8.29906,9.60477,8.91805,9.80589,9.46825,10.82278,11.84765
CT, Litchfield County ,5.47654,3.80191,4.83939,3.2013,7.9533,3.70543,5.27198,7.90031,7.36164,9.99921,10.01207,6.35028,11.20078,9.10259,9.72395,10.88281
CT, Middlesex County ,5.78432,4.45843,1.88458,6.83807,6.19387,7.39868,9.78755,5.48349,10.9116,6.64223,9.05628,8.42232,4.83349,9.68412,8.50779,11.00399
CT, New Haven County ,5.69758,6.025,5.26884,6.17622,6.27587,6.37422,8.35091,8.90349,10.03943,8.83695,10.53875,10.5323,10.99312,12.17092,14.85722,14.66697
CT, New London County ,6.15745,1.91281,3.4001,5.62674,6.32923,6.30414,9.23143,5.54182,11.00376,12.06008,8.02709,7.31995,14.21972,10.97273,11.39484,15.14933
CT, Tolland County ,6.57592,2.1593,2.1073,3.44364,7.49799,7.4497,2.68539,6.0113,3.29852,3.28235,7.83218,14.37035,13.15738,9.21774,9.22521,9.22971
CT, Windham County ,7.32701,4.55083,3.60107,3.55073,1.74954,6.91826,3.4253,5.11753,7.63436,8.46654,13.49152,9.28858,10.16992,9.34834,11.11881,6.86018
GA, Appling County ,5.74845,5.72902,5.71363,0,0,0,5.64175,0,5.51481,11.02293,10.91346,16.25928,0,10.89859,10.83658,21.6955
GA, Atkinson County ,13.17349,0,0,0,0,0,12.19959,0,11.95314,0,35.88517,0,12.11387,0,24.38132,0
GA, Bacon County ,0,0,0,9.75324,0,0,28.08463,9.11743,0,0,0,0,8.93815,26.78571,0,0
GA, Baker County ,0,0,0,0,0,0,0,26.98327,26.82403,0,0,0,0,0,0,31.64557
GA, Baldwin County ,2.23794,0,0,8.80417,6.52642,8.63856,6.44981,6.33767,12.53787,4.24746,10.94236,4.43282,12.90767,4.33435,13.08929,11.0057
GA, Banks County ,0,6.65557,6.45786,0,0,5.99413,5.85617,5.69801,5.5701,0,5.43242,5.45405,0,5.46478,5.46926,10.82954
GA, Barrow County ,6.44884,10.37969,1.98377,1.91377,3.63425,3.45489,11.40158,3.08833,7.42258,2.91766,7.17422,7.15717,7.12647,5.60813,13.70201,10.65147
GA, Bartow County ,2.60396,2.5005,4.81313,1.16644,2.27702,6.64202,6.45279,4.17912,7.11274,7.01354,12.98247,6.97927,10.94658,7.90467,6.88468,12.67884
GA, Ben Hill County ,5.71984,0,0,11.69933,0,0,0,16.93098,0,5.68796,5.66958,22.7596,5.69152,22.96607,17.20183,17.28708
GA, Berrien County ,12.29407,0,11.99688,11.75295,0,5.63857,5.53986,10.9559,21.20553,0,0,10.32152,10.43841,5.25707,10.64396,10.54519
GA, Bibb County ,2.59982,3.90757,4.54755,3.25315,5.18945,3.89603,5.82487,8.42591,9.0683,5.80069,6.42727,14.76432,12.805,10.35157,11.69484,13.67722
GA, Bleckley County ,8.58074,0,0,8.46955,8.32085,8.24606,7.96622,15.3657,0,0,0,0,7.74653,0,7.84068,0
GA, Brantley County ,0,0,0,6.28496,0,0,11.83782,0,5.68408,5.51602,5.41829,26.92515,0,5.47046,5.43774,10.8407
GA, Brooks County ,6.07607,6.13234,12.32362,0,0,12.40387,6.13158,6.12257,6.0698,12.21374,0,12.50391,12.78119,19.1522,12.87498,6.37267
GA, Bryan County ,0,4.18989,0,0,0,3.76549,0,14.13328,3.42724,10.00434,13.16569,3.20082,3.09866,6.03865,8.86341,14.26452
GA, Bulloch County ,1.78107,3.52063,10.46007,3.37189,4.93161,4.75828,7.77557,4.56149,7.45245,1.45777,0,9.63484,9.56781,5.56537,1.37485,4.09763
GA, Burke County ,8.97706,0,4.41969,0,13.11934,0,13.11475,4.35313,0,0,4.28486,0,8.64641,4.36338,4.40354,8.7943
GA, Butts County ,5.09658,4.95393,0,18.5701,9.21404,4.53412,4.41131,4.31332,12.60822,8.44523,8.42354,16.97433,4.26876,8.61141,12.83313,8.49329
GA, Calhoun County ,0,0,0,0,15.85791,15.98465,15.74803,31.90301,0,0,0,0,0,0,15.56905,0
GA, Camden County ,4.56371,2.24876,4.41511,4.48752,4.33877,6.4277,0,4.08605,12.06928,5.99712,1.97371,1.98716,1.94526,5.82637,1.92263,9.51602
GA, Candler County ,0,0,0,0,0,0,0,0,9.35366,9.19118,9.07853,8.90155,0,9.13159,0,18.28989
GA, Carroll County ,2.27448,3.29193,1.06285,3.08021,5.01133,5.85217,3.77883,3.67151,3.62838,8.14974,8.13023,8.12964,17.94623,13.35316,7.01434,10.46308
GA, Catoosa County ,1.86745,1.83023,1.78495,5.20707,5.09632,3.34756,0,4.79701,12.64402,3.13116,6.24678,9.25012,10.76857,10.7127,7.62369,6.07008
GA, Charlton County ,0,0,9.1659,0,0,0,0,0,7.93399,7.89578,0,0,7.50075,0,0,7.68699
GA, Chatham County ,5.16147,5.552,3.80534,3.7919,8.30503,7.43059,4.86035,8.33396,5.09267,7.24853,6.76961,6.25315,11.93399,10.43195,11.31346,10.81564
GA, Chattahoochee County ,0,6.33714,0,0,0,0,8.45451,0,8.60289,8.3647,0,0,0,0,8.364,0
GA, Chattooga County ,7.86813,3.89484,3.89287,3.84897,7.83177,11.76194,3.90016,22.87457,3.82468,3.8619,11.55802,15.5745,11.70549,7.98563,4.02431,20.09485
GA, Cherokee County ,3.47761,3.96854,4.41134,1.81176,5.77684,4.39252,3.10493,3.45604,6.72201,7.53892,4.64693,4.5927,3.62339,5.79114,5.63801,6.79091
GA, Clarke County ,1.95311,2.88767,2.86607,2.82255,7.28916,2.73883,0,3.50893,4.31898,4.27925,5.95892,4.22119,7.48914,8.26173,9.11849,4.04436
GA, Clay County ,29.82404,0,30.17502,0,0,0,0,0,0,31.24024,0,31.69572,0,0,0,0
GA, Clayton County ,2.52017,2.0381,3.21345,2.77084,3.52496,3.9018,3.48092,6.91135,4.19689,5.38323,7.31278,8.75453,7.89257,7.93447,10.46432,9.86961
GA, Clinch County ,0,0,0,0,0,0,0,0,0,14.70805,0,0,0,29.42042,14.65416,14.52433
GA, Cobb County ,2.28943,2.08666,3.01101,2.04841,3.90414,3.4016,2.26616,6.71203,4.11873,4.96513,5.21968,5.01755,6.21795,5.57979,8.91454,7.43099
GA, Coffee County ,2.66014,0,2.57792,10.20851,2.53917,2.51073,9.82753,0,4.7832,7.12775,4.68143,0,0,4.6408,4.66298,2.32175
GA, Colquitt County ,4.74608,9.47351,11.74536,0,2.32628,6.97788,2.28833,13.5719,4.45712,4.42948,2.19101,6.5445,6.49871,6.47948,4.33981,15.29887
GA, Columbia County ,1.10941,2.1613,7.30552,2.02509,7.77197,2.81751,1.80432,5.21404,6.80828,4.95663,4.80054,7.76596,5.2823,5.13988,5.02581,4.16435
GA, Cook County ,6.30716,6.29525,0,6.22665,0,6.0361,0,0,5.85926,5.84317,0,11.76263,5.91436,17.58396,0,5.85309
GA, Coweta County ,1.10967,3.2042,2.0578,2.98858,2.88215,5.53654,2.63739,3.38535,8.99567,5.57764,7.81849,8.49887,8.41024,9.76775,8.12198,12.29407
GA, Crawford County ,16.11863,0,0,0,0,7.76699,15.45237,7.75494,0,0,7.9277,15.82779,7.89952,0,0,0
GA, Crisp County ,9.08348,4.50775,4.48752,0,0,4.45315,4.4018,0,4.30237,8.55505,4.27223,29.50723,12.73615,4.30478,8.7146,13.1291
GA, Dade County ,6.57938,12.8866,6.38651,6.28891,6.23908,18.53225,18.28042,18.02018,24.02258,12.00696,6.01974,18.09082,18.14443,0,12.2504,6.17208
GA, Dawson County ,0,0,5.70744,5.43301,10.62078,0,4.84027,4.64922,18.2224,8.95857,4.48692,22.5134,4.47007,13.28963,8.73706,8.59993
GA, Decatur County ,7.08642,0,3.58526,0,10.80575,0,7.1852,7.17283,0,3.56405,3.59583,3.61415,14.54863,10.94212,0,14.71508
GA, DeKalb County ,3.89064,2.98107,3.88182,4.04102,3.7526,5.82961,5.46782,4.55238,5.83391,6.94989,7.94009,6.30064,6.77201,9.92988,8.16479,8.05177
GA, Dodge County ,5.21703,5.12479,0,0,0,0,9.54472,18.8457,18.69246,4.61702,9.18738,4.66309,4.68538,28.24992,19.07578,14.37952
GA, Dooly County ,0,0,8.19202,0,0,0,7.28916,0,0,13.54188,6.73582,13.72307,13.94311,6.9979,7.08015,21.54708
GA, Dougherty County ,4.1728,4.1691,4.1916,3.1574,6.34276,3.17091,11.65032,5.28977,6.35842,5.2805,5.28754,11.58578,10.57194,6.43514,10.80766,8.76626
GA, Douglas County ,4.31155,2.08943,1.01438,3.92026,0.9313,1.76438,6.67123,1.59286,2.31646,3.80831,6.03109,3.75164,4.48417,11.00756,7.22298,6.39791
GA, Early County ,8.1281,0,0,8.34864,0,0,8.58516,17.49934,8.87942,0,0,9.30146,9.42063,9.51565,57.42726,19.07123
GA, Echols County ,0,0,0,0,0,25.34212,0,0,0,0,24.8139,0,0,0,0,0
GA, Effingham County ,0,2.5565,4.90713,4.74293,9.15877,0,6.27313,4.02739,5.91273,5.77946,1.90611,11.38196,13.10861,9.17633,9.00804,6.99851
GA, Elbert County ,0,0,14.55604,0,4.83255,4.85602,4.84707,0,0,9.83526,4.97587,15.13165,10.20616,20.49285,10.30397,15.54243
GA, Emanuel County ,0,9.22382,4.64878,0,18.53654,0,18.10692,13.56913,8.92021,0,4.42302,8.8574,0,4.38712,0,4.41326
GA, Evans County ,9.49577,0,0,0,0,0,0,18.35031,0,18.15541,0,18.2615,9.37734,0,18.47234,0
GA, Fannin County ,5.01153,4.89908,0,0,4.57185,4.50979,8.78812,8.62627,4.27058,0,0,8.50521,12.77901,29.51843,8.43562,16.47107
GA, Fayette County ,2.17219,1.06286,3.13457,3.0727,3.0168,2.9423,5.76374,6.66737,7.60514,2.84379,7.47712,4.66383,6.51387,9.23472,4.56413,7.23681
GA, Floyd County ,2.20175,10.9672,3.23985,2.13815,2.12734,3.18026,6.30484,7.34461,7.2976,9.33775,7.25968,10.3935,9.36866,12.49922,11.45106,11.42228
GA, Forsyth County ,1.99203,0.92174,4.3179,5.70506,6.94236,2.90607,2.71687,4.45494,6.61304,7.55845,9.05131,2.74196,4.79711,6.16077,8.34647,8.01414
GA, Franklin County ,4.92271,4.83022,14.32528,14.15562,4.66636,13.80898,4.55456,0,0,13.5428,13.59003,13.64505,36.43817,4.5253,4.49499,8.96097
GA, Fulton County ,4.28822,3.29183,4.17063,3.93813,4.44729,7.32836,7.33571,4.71628,6.52643,8.50349,6.58758,6.32029,8.81761,7.8333,9.15178,8.63264
GA, Gilmer County ,0,8.25457,0,3.91007,0,7.46046,3.61468,10.71582,0,7.09874,7.0624,10.60708,10.63453,31.47624,10.39249,6.80828
GA, Glascock County ,0,0,0,0,0,0,0,0,0,32.61579,0,32.11304,0,0,0,0
GA, Glynn County ,5.90877,4.37586,7.20378,4.26191,5.59636,2.75524,2.6713,7.8418,1.28184,7.60013,2.50655,16.20261,4.93669,6.12738,4.85714,13.15255
GA, Gordon County ,4.5044,0,2.13042,4.15412,8.09291,3.95241,5.75142,3.74469,10.99566,9.10001,3.6226,7.21085,3.59234,7.18184,14.33692,17.75474
GA, Grady County ,0,8.46203,4.23101,8.43313,8.38926,12.48387,4.10105,8.12216,12.132,16.06877,0,11.91942,3.94446,3.97172,11.87413,15.92103
GA, Greene County ,0,0,0,0,0,0,6.4156,0,6.30159,0,12.49844,0,12.36935,12.28275,6.06612,11.95172
GA, Gwinnett County ,2.68644,3.70953,2.95957,4.67296,4.65476,4.64149,4.72802,4.18777,4.61112,5.14897,5.69121,6.79169,6.55263,7.3566,5.48309,7.50342
GA, Habersham County ,0,2.709,2.6723,2.62805,5.19602,5.1079,4.92417,11.94315,0,11.64226,11.60604,16.24281,4.60003,4.62075,13.73375,6.82967
GA, Hall County ,5.67404,3.42119,7.32215,2.60483,3.19724,3.72719,7.80668,4.63913,5.64089,6.16236,3.88885,7.65538,7.02972,6.93803,9.46298,6.20935
GA, Hancock County ,0,0,0,0,0,0,0,10.11225,0,0,0,10.65757,11.04972,11.20323,0,11.65773
GA, Haralson County ,15.51109,0,3.74869,3.67282,0,3.57309,10.66818,14.00658,13.96404,10.42608,10.42282,14.0277,14.08947,24.60889,13.98406,17.32742
GA, Harris County ,8.364,4.07382,0,0,3.67918,7.09975,10.24275,6.60589,6.49203,3.17521,3.10965,6.17951,6.1329,12.25791,12.17545,3.01096
GA, Hart County ,0,0,0,8.54628,4.17258,4.1024,4.03812,4.01703,19.89021,3.98279,3.96668,0,11.727,0,23.60439,3.92065
GA, Heard County ,0,8.95015,0,0,8.87075,0,0,17.21467,0,0,42.16207,42.6512,8.57854,17.29356,8.60363,0
GA, Henry County ,0.82119,4.58015,2.84198,1.32514,2.50045,5.30638,7.21005,5.29841,7.70582,1.50284,5.36214,5.79601,11.04309,4.75351,7.9648,6.91231
GA, Houston County ,4.49261,2.64476,3.4361,2.51265,2.42477,2.37716,2.32598,4.53265,7.41169,2.91087,7.105,4.85592,4.78338,7.43123,10.05119,6.66836
GA, Irwin County ,0,20.09444,0,0,10.63603,0,10.15022,0,10.20096,0,0,10.28912,10.37129,0,10.9493,0
GA, Jackson County ,0,0,4.45038,6.48929,2.07091,3.95202,11.1035,5.21549,8.41468,3.33045,8.23045,6.60677,6.61726,14.78901,16.20746,15.86345
GA, Jasper County ,0,0,0,0,7.94407,0,7.47943,7.36974,7.26269,14.44878,7.20305,0,22.08155,14.78852,22.27337,7.33999
GA, Jeff Davis County ,7.85299,0,7.64059,0,0,7.28385,0,14.08054,13.72024,6.71501,13.25118,6.62427,0,6.67601,13.46529,13.40303
GA, Jefferson County ,0,5.84078,0,5.87579,0,11.81754,5.92101,17.82531,0,11.71852,5.91506,11.89697,0,6.11808,12.29937,6.22394
GA, Jenkins County ,0,0,0,0,11.77856,11.75088,11.71921,11.84553,0,11.99185,24.02402,0,0,10.80964,0,11.18193
GA, Johnson County ,0,0,0,10.5753,10.40258,10.50862,10.3756,9.89413,19.74919,10.01001,10.02004,10.06948,0,10.2145,0,0
GA, Jones County ,4.2084,0,4.01461,3.88531,7.53665,7.35592,7.2561,3.57143,10.50714,10.44932,13.96794,3.46105,20.84926,0,3.4709,14.00855
GA, Lamar County ,0,0,6.13911,0,18.10829,0,11.68566,5.72213,0,0,21.89381,5.49995,11.07726,11.13834,5.48757,16.41856
GA, Lanier County ,13.73061,0,0,0,0,12.39465,0,0,0,10.19368,19.80394,9.53652,0,0,0,9.7371
GA, Laurens County ,0,4.43233,0,6.4827,2.15848,4.27798,8.45898,4.19736,4.15007,2.05757,8.26429,4.16432,8.33264,2.08625,8.36575,4.1891
GA, Lee County ,0,0,3.98168,3.95883,3.85134,7.54575,3.6543,3.59816,0,10.59098,10.55335,3.49467,0,10.31318,3.42278,6.83013
GA, Liberty County ,4.85351,3.25797,3.19974,1.65555,1.58093,4.6355,3.17224,3.13932,9.57931,2.98236,4.78568,1.53518,9.17067,3.12178,1.53485,4.79777
GA, Lincoln County ,0,0,11.9403,0,12.07146,0,0,0,0,12.38697,37.6506,12.69519,12.8999,12.97522,13.17697,13.01236
GA, Long County ,0,0,0,0,8.80669,8.56384,0,0,7.84683,7.25321,6.81153,0,0,6.00925,0,0
GA, Lowndes County ,2.16906,0,3.19479,4.24597,3.10849,3.05272,1.98823,4.91391,0.95313,4.64757,2.73501,5.3776,12.25769,3.53754,7.02753,8.79206
GA, Lumpkin County ,0,0,8.67754,4.13873,8.02697,3.86339,7.32601,3.54258,3.43312,16.82199,3.30022,6.55845,9.7704,0,19.26226,6.391
GA, Macon County ,14.26025,0,0,0,0,0,13.9237,0,0,0,13.64722,13.79977,0,21.43929,0,14.63807
GA, Madison County ,0,0,3.77188,3.72342,14.89259,14.74763,7.31342,7.23353,14.37815,7.14082,14.21313,0,14.26025,3.5495,14.10139,3.52162
GA, Marion County ,0,0,0,0,0,0,0,12.11387,11.96602,11.68088,0,11.43118,11.44689,0,11.50351,0
GA, McDuffie County ,0,0,0,4.72701,4.70455,14.00626,4.63736,13.93599,0,9.15919,9.1617,9.24172,9.23105,9.28117,0,4.64576
GA, McIntosh County ,9.13409,0,8.58516,0,0,24.17795,7.72201,0,21.46998,14.01738,0,35.14444,0,7.14745,14.27857,0
GA, Meriwether County ,0,0,17.60099,8.84369,13.2961,0,4.40645,4.44326,0,13.36541,4.57917,0,4.68933,4.71854,14.15629,33.03289
GA, Miller County ,0,15.69366,15.78283,0,0,16.4042,16.3827,16.3292,16.23904,48.93166,0,0,0,0,0,17.10571
GA, Mitchell County ,8.3455,8.37802,12.6593,0,8.5034,0,4.24106,16.68474,4.19463,4.23872,8.51172,0,17.29655,4.34028,4.39097,4.44583
GA, Monroe County ,9.16422,0,8.78464,0,0,8.30565,8.02439,0,3.85075,15.24797,11.33401,18.7322,11.21873,14.81975,22.16066,7.37817
GA, Montgomery County ,0,0,0,22.71437,0,0,0,0,0,0,0,0,11.15573,0,11.11482,0
GA, Morgan County ,6.43874,0,6.15612,6.09868,6.02265,11.81684,0,16.99909,0,16.74014,16.75884,5.58503,11.22146,16.92429,5.56019,5.55216
GA, Murray County ,0,2.65372,2.62006,5.12847,2.53389,7.5523,7.4677,7.47421,0,10.02808,5.05804,7.60784,2.53859,12.73788,12.70487,20.26548
GA, Muscogee County ,1.07251,3.21932,4.32108,0.55298,3.24224,3.75249,5.80585,4.87266,2.70617,4.76705,5.75549,4.60594,9.02409,10.31085,12.91958,12.02098
GA, Newton County ,1.59317,0,5.62572,1.32258,3.72195,4.67033,4.41272,3.13483,8.14332,3.01526,3.99325,4.97191,10.87795,12.7112,10.59832,10.44396
GA, Oconee County ,0,3.82629,0,0,7.16743,3.49455,3.36474,3.2515,9.46462,3.08775,9.11051,3.00544,5.96552,5.87423,8.55359,11.15076
GA, Oglethorpe County ,0,0,0,7.47999,0,7.2998,0,0,0,0,6.70826,6.75995,0,6.88089,13.5925,20.1005
GA, Paulding County ,2.40888,3.3742,5.28759,3.98645,4.70146,7.95531,4.07714,3.81179,5.8366,6.39382,4.90299,6.25787,8.27444,10.19812,5.3705,7.88162
GA, Peach County ,4.18918,0,0,0,4.02933,0,0,0,14.694,10.91941,3.6036,3.62924,18.17917,11.16445,14.90424,15.00094
GA, Pickens County ,4.27131,4.10948,3.95914,7.63097,3.72995,7.33218,3.55,3.43702,13.54509,13.54004,10.1833,16.96583,3.40983,13.55105,16.67723,13.20088
GA, Pierce County ,6.36862,0,0,0,0,11.64212,5.71363,11.15262,5.49149,5.38677,5.3166,5.33675,10.60389,21.06927,15.78532,10.45478
GA, Pike County ,0,0,0,13.43996,0,0,0,11.6144,11.35138,5.64302,0,16.86435,11.23911,5.62145,22.53775,5.5732
GA, Polk County ,5.23862,0,5.11391,2.54803,2.52755,5.01756,2.47696,9.80657,14.4903,9.6651,4.81498,7.26586,17.02956,4.87092,4.88198,7.2455
GA, Pulaski County ,0,0,0,0,0,9.18274,0,0,17.18508,0,0,0,0,8.66776,26.18715,17.60099
GA, Putnam County ,0,0,10.32738,0,0,4.997,9.81932,9.61538,14.23488,14.16497,4.7172,9.40513,4.72836,28.2114,9.46746,14.10172
GA, Quitman County ,38.5208,0,0,40.35513,81.40008,0,0,0,0,0,0,40.68348,41.54549,0,0,86.84325
GA, Rabun County ,6.6357,6.53168,0,19.11924,6.34639,18.82766,0,18.39814,6.11284,18.41056,12.29332,12.28426,6.1297,0,6.16865,18.44225
GA, Randolph County ,12.86505,0,0,0,0,0,25.68713,0,0,0,0,0,0,0,0,13.97429
GA, Richmond County ,2.00454,4.01117,3.02008,3.04633,5.58707,7.1488,5.09038,9.67005,3.02384,4.53426,6.96743,9.47588,11.88966,8.45481,12.9278,11.91652
GA, Rockdale County ,0,2.78261,2.73381,2.67165,3.91763,2.56128,6.25696,8.52141,5.98387,5.90842,5.85679,8.18407,7.0073,6.92281,7.99854,5.63838
GA, Schley County ,0,0,0,0,24.57002,0,0,0,0,0,0,0,0,19.77457,0,0
GA, Screven County ,6.51848,0,0,0,0,0,6.71862,6.72721,6.73718,0,13.7836,0,14.09145,7.05268,28.51237,0
GA, Seminole County ,0,21.61928,0,22.14104,0,11.22965,11.27523,0,0,0,22.92526,22.79462,0,0,0,23.2396
GA, Spalding County ,3.41898,3.39403,8.37535,4.98157,11.55344,9.82141,3.22732,3.19071,6.28427,9.35527,7.8025,12.48264,10.98436,18.86229,10.96148,15.62109
GA, Stephens County ,0,7.81433,0,3.93205,3.95038,0,3.92341,3.9032,7.69112,3.83597,7.64818,11.65411,3.8909,15.65435,0,0
GA, Stewart County ,0,0,18.43658,0,0,0,17.77146,17.5716,0,0,16.39613,0,16.3212,18.04728,0,0
GA, Sumter County ,2.98972,2.9898,0,3.01405,9.11799,3.06542,0,0,3.0292,6.11172,9.16954,3.11362,6.32091,3.18766,6.40964,3.25267
GA, Talbot County ,15.23693,0,0,0,0,0,0,0,0,0,0,14.76451,15.2765,0,0,31.64056
GA, Taliaferro County ,0,0,0,104.00416,0,0,0,0,0,0,0,0,0,0,0,0
GA, Tattnall County ,0,0,4.48914,8.89482,8.68282,12.95057,8.5408,8.53097,0,3.98915,0,7.9042,19.7527,11.76609,7.93808,11.9024
GA, Taylor County ,0,11.42074,11.31606,0,11.21328,0,0,11.2765,0,0,0,11.80916,0,11.88637,0,0
GA, Telfair County ,0,0,0,0,6.80967,13.2714,0,6.27668,0,0,12.1293,0,6.09088,0,6.06171,0
GA, Terrell County ,0,18.48087,9.42774,0,9.56663,0,10.0311,10.30822,0,0,31.52254,10.6553,10.81783,0,0,10.99022
GA, Thomas County ,9.33947,4.68669,4.6998,6.98389,14.03115,6.88768,4.5557,2.25892,6.72239,11.18844,6.70271,4.4829,11.20699,8.90234,15.5376,4.44069
GA, Tift County ,5.2154,5.2448,0,23.55096,2.5892,5.1561,7.59436,7.55287,2.51218,10.0634,14.91239,7.27943,2.43914,7.44472,7.38734,9.8227
GA, Toombs County ,3.82599,7.68049,15.36629,11.53447,3.82175,11.30412,3.72426,3.6785,3.65698,3.6929,0,7.36404,3.68514,14.71562,3.68718,11.04322
GA, Towns County ,0,0,0,10.26167,0,10.06036,9.72668,0,19.07487,9.57488,28.4603,9.52472,19.04037,0,18.05869,17.91633
GA, Treutlen County ,14.57301,0,0,14.44252,14.39056,0,0,0,0,14.48016,0,0,0,15.05797,14.77323,0
GA, Troup County ,3.39426,6.68405,6.64187,6.57992,9.67726,4.74436,6.26007,4.62292,4.55512,13.54973,2.98103,8.86014,13.15174,13.05559,10.07905,10.03627
GA, Turner County ,21.10818,0,0,0,0,0,10.9493,0,11.07542,0,22.42404,0,0,24.4081,12.40541,12.444
GA, Twiggs County ,0,9.59877,0,0,9.74089,10.02205,0,0,0,0,11.16321,34.02132,11.74674,23.58212,11.97461,0
GA, Union County ,5.74779,0,10.89978,10.51635,5.16049,0,9.77517,0,4.69814,14.05942,0,0,23.28072,18.54341,18.23154,17.97672
GA, Upson County ,10.81237,7.19735,7.24008,3.6169,7.26903,7.28863,3.65644,7.29315,7.32038,3.65497,7.38934,7.41785,0,3.77529,7.62515,7.60688
GA, Walker County ,6.52869,3.22015,7.95659,4.72605,4.67086,10.74279,4.52195,14.83569,10.27855,8.74483,5.80636,10.20259,10.26528,10.2507,7.32182,10.2861
GA, Walton County ,6.51328,1.56624,4.53837,5.86846,2.84357,4.07078,3.89322,2.48633,7.26375,7.1983,7.14447,7.10581,12.95917,11.62642,10.2728,12.43008
GA, Ware County ,2.82318,5.64557,2.84067,8.5174,14.28939,11.42498,5.61419,2.77654,8.31831,0,8.24788,2.76297,11.1548,11.18568,14.05363,16.93863
GA, Warren County ,0,0,0,0,0,0,0,0,0,0,0,0,17.95977,0,0,0
GA, Washington County ,0,4.72367,4.7619,9.47418,4.74203,4.96155,4.80654,9.45403,4.71654,4.7081,0,9.51384,0,14.52996,4.84754,14.4203
GA, Wayne County ,3.75996,3.71913,0,7.17875,3.54271,7.01213,0,16.99466,6.65735,0,0,6.59065,9.88077,3.32723,20.01868,13.54142
GA, Webster County ,0,0,0,0,0,0,0,0,0,36.07504,0,0,35.81662,0,0,0
GA, Wheeler County ,0,0,0,0,0,0,0,14.45504,0,13.98601,12.89657,0,12.64063,12.63424,25.12563,12.66304
GA, White County ,0,0,0,0,4.16406,8.10045,3.91007,15.28293,3.75573,0,7.35051,3.65097,14.49748,17.9882,14.27093,10.56264
GA, Whitfield County ,1.18734,3.47496,0,3.35278,2.17765,5.31,4.14903,6.08186,7.95656,8.9101,5.83788,7.76134,6.78341,11.64958,10.62822,12.50289
GA, Wilcox County ,34.7544,0,0,0,0,11.37786,0,0,11.08279,10.9218,10.78051,0,11.13958,0,11.29944,11.28159
GA, Wilkes County ,0,0,0,18.62891,0,9.47598,0,0,0,9.45984,0,9.80488,9.94233,0,0,20.22245
GA, Wilkinson County ,9.81065,19.55608,0,9.96016,10.0321,0,10.21138,20.51282,0,10.36055,0,21.13495,20.9468,0,10.7032,0
GA, Worth County ,9.09794,9.08306,9.14369,0,4.57185,0,9.18147,0,0,0,0,0,14.03509,0,9.51249,14.48715
Hawaii,(blank),8.57012,10.68561,9.35776,10.79004,9.81494,11.99014,11.07098,12.16106,12.6106,11.43522,13.63691,12.84597,14.29783,14.85978,14.19142,14.38438
HI, Hawaii County ,8.71057,12.52555,5.82238,7.57375,10.43893,9.51039,10.37249,9.00227,11.56987,13.61441,12.40969,9.62912,10.06543,13.07894,14.95732,13.76455
HI, Honolulu County ,9.12587,11.32817,9.99469,12.18815,10.02206,13.39605,11.9747,12.31986,13.06658,12.61693,13.59371,14.38508,14.96041,15.84191,14.86972,14.70046
HI, Kalawao County ,0,0,0,0,0,0,0,0,0,0,0,0,0,0,0,0
HI, Kauai County ,8.53709,3.38553,13.33756,9.86761,9.66261,6.36304,6.30269,10.8544,13.71888,7.51676,14.87896,10.32403,5.83448,20.10685,7.08818,9.79322
HI, Maui County ,4.65358,7.55915,7.43771,5.81949,7.82874,8.37205,8.23797,15.53928,10.57327,3.26158,14.84043,8.29298,18.92756,8.70176,12.25122,15.21894
IA, Adair County ,0,12.2971,0,0,12.47038,0,12.61989,0,12.90822,0,0,0,0,0,0,13.8677
IA, Adams County ,0,0,0,0,23.21802,0,0,0,0,24.70966,0,25.02503,25.60819,0,0,0
IA, Allamakee County ,6.81477,6.97691,6.99839,0,6.98129,6.95846,0,6.97593,6.9808,0,27.87456,7.04027,7.07514,0,0,0
IA, Appanoose County ,7.3014,0,7.45156,7.39536,14.85663,7.43329,0,7.63068,7.72201,7.75434,23.32996,15.54847,0,0,0,7.96749
IA, Audubon County ,0,0,15.21607,30.86896,0,15.81278,0,0,0,0,0,16.61406,0,0,0,34.85535
IA, Benton County ,3.94851,3.91665,0,0,0,11.42204,7.65199,7.67283,7.66372,3.82892,3.83803,0,11.60317,11.66226,11.69226,15.58664
IA, Black Hawk County ,3.90567,3.13075,2.36451,3.95285,2.36813,2.36181,5.4908,6.26194,10.06169,8.42299,3.04934,6.84619,5.31265,6.77813,6.00777,5.24348
IA, Boone County ,7.61876,3.80967,0,3.81214,0,3.77358,3.77772,11.29816,7.56029,3.79363,11.41639,15.18776,3.81272,0,3.79262,0
IA, Bremer County ,4.28964,8.50847,0,4.24646,4.21443,4.19586,0,0,8.27746,4.13514,4.1176,0,4.08547,16.2681,0,8.07135
IA, Buchanan County ,0,4.77281,24.04309,0,9.5648,0,0,0,4.72724,4.75828,9.5429,14.35338,19.08033,0,4.73485,9.48587
IA, Buena Vista County ,19.6454,4.94047,4.94242,4.965,0,0,0,15.15305,5.03651,4.999,9.84058,4.93974,0,0,4.87638,14.78634
IA, Butler County ,6.53637,0,0,6.69389,0,0,13.39495,13.36809,0,13.60637,0,6.68449,26.68268,6.65912,6.67913,0
IA, Calhoun County ,0,0,9.36067,0,0,9.77708,0,10.05328,10.15744,0,9.83187,9.92851,10.07658,0,20.28192,10.17501
IA, Carroll County ,4.67683,4.71143,4.72612,4.75647,4.77646,14.30411,0,19.16719,0,4.8209,0,0,0,9.71723,9.72668,9.75277
IA, Cass County ,6.81431,6.90226,0,0,0,7.14184,0,7.14898,7.17618,7.16897,14.35235,0,0,7.36269,0,0
IA, Cedar County ,5.49481,5.51694,11.01928,0,0,0,10.90988,5.45822,5.41712,0,5.40833,0,21.73677,0,0,10.89206
IA, Cerro Gordo County ,6.46705,0,8.80475,4.40412,8.89027,4.47017,11.22813,2.24916,13.54861,6.78135,13.60051,9.09546,13.72275,9.19413,9.25348,9.30492
IA, Cherokee County ,7.68108,0,7.88333,0,7.99361,0,0,0,8.32362,8.3661,0,8.31739,8.3619,0,8.45166,8.64528
IA, Chickasaw County ,15.18834,0,7.72738,15.66171,7.8796,0,0,7.97448,0,0,16.09528,0,0,8.17795,0,0
IA, Clarke County ,0,10.8613,0,10.77354,10.7446,0,0,0,0,0,10.73883,21.47305,21.38809,10.80847,10.85776,10.81666
IA, Clay County ,0,5.79509,11.70549,5.88755,17.68868,0,5.94813,5.97907,5.9891,0,6.01178,6.02047,6.03282,6.06796,6.0573,0
IA, Clayton County ,0,16.19084,0,0,0,5.47375,5.47285,16.43025,10.98358,0,5.53036,5.55803,5.57849,0,16.93671,22.63211
IA, Clinton County ,7.98085,4.0089,0,10.08369,4.04057,10.10611,2.02073,2.02667,10.14137,4.06942,8.14465,2.03666,6.15814,12.42416,12.52008,16.80072
IA, Crawford County ,0,0,11.77787,0,0,5.91017,17.78516,5.90633,23.69528,0,11.6523,5.7971,5.77201,5.77101,23.32906,5.88305
IA, Dallas County ,4.82556,0,2.2242,0,5.95392,9.42649,1.78069,0,8.04583,4.65196,4.49782,4.30052,4.15104,2.66631,10.28304,6.18988
IA, Davis County ,11.70412,11.64415,0,0,23.22341,0,0,0,11.52738,0,0,11.41553,0,0,0,0
IA, Decatur County ,0,0,0,0,0,0,0,0,0,35.26922,11.87507,0,0,12.13592,12.14919,0
IA, Delaware County ,10.86012,0,0,10.99505,0,0,5.56886,0,5.60538,0,0,11.33016,11.37786,11.42922,5.74284,11.49029
IA, Des Moines County ,4.73339,2.3912,14.58506,4.87246,9.86145,4.95884,7.46417,7.46157,9.94159,4.95307,4.96808,0,9.93419,9.89193,12.45547,12.50469
IA, Dickinson County ,0,0,6.11583,6.12033,0,0,0,0,17.97484,0,17.99748,17.76304,5.8872,29.50897,11.80847,17.52132
IA, Dubuque County ,2.24213,2.24891,3.36579,1.11096,3.31631,1.1017,5.47897,8.68338,7.56601,7.53109,7.45268,8.45988,9.45269,9.37852,7.24773,10.30567
IA, Emmet County ,9.09504,0,0,9.32488,0,18.99877,0,0,0,0,0,9.91965,20.07226,0,20.32314,10.27538
IA, Fayette County ,9.08183,9.1781,13.86129,0,4.66962,18.66891,0,0,14.3472,0,0,14.30001,19.228,14.61419,19.66085,14.83459
IA, Floyd County ,5.93331,0,0,0,6.02918,12.10654,6.02918,0,0,6.1546,12.26994,12.4239,12.41696,0,12.47972,0
IA, Franklin County ,0,0,9.36856,9.38527,0,9.2885,0,0,0,18.76877,9.35279,0,28.50898,9.5039,9.57671,19.40241
IA, Fremont County ,0,12.70003,0,0,0,0,13.11992,0,0,13.41742,13.45895,0,13.99972,0,14.21666,28.97711
IA, Greene County ,9.67024,0,0,20.008,0,10.20408,0,0,0,0,32.08556,10.72961,0,0,21.9082,0
IA, Grundy County ,0,0,0,0,0,16.12123,8.04117,8.11886,0,24.10219,8.02761,0,32.15434,0,8.08016,16.11214
IA, Guthrie County ,0,0,0,0,17.5608,8.88968,0,0,0,0,18.26985,9.19794,0,0,9.33707,0
IA, Hamilton County ,6.08902,6.15915,6.12107,0,6.14062,12.29937,18.58276,0,0,0,6.39386,6.46831,0,0,0,6.57333
IA, Hancock County ,8.25832,8.3654,8.44167,16.79966,8.44737,25.35068,8.52588,0,0,0,8.84408,8.87233,0,18.08155,0,0
IA, Hardin County ,5.31717,0,0,5.45643,5.5054,5.56359,5.58878,0,0,11.40576,5.70223,22.98586,0,11.48567,0,11.57675
IA, Harrison County ,0,6.41355,12.96933,12.95001,0,6.50957,0,0,0,20.0374,6.69927,6.75813,0,0,6.97253,0
IA, Henry County ,4.91618,9.80008,4.97859,0,0,0,0,0,14.77323,4.95,0,4.92951,4.98902,4.97438,5.02639,10.05429
IA, Howard County ,0,10.09285,0,20.39152,10.21242,0,0,10.37775,0,10.45151,0,10.48438,10.44277,10.55298,10.6383,0
IA, Humboldt County ,9.6367,0,9.82704,0,0,0,19.92429,0,10.0898,10.1595,0,0,10.28807,10.34447,0,0
IA, Ida County ,0,0,0,0,0,13.57036,0,13.83509,0,0,0,14.12629,0,0,0,0
IA, Iowa County ,0,12.60398,6.28496,6.22587,0,6.1361,0,12.26392,6.12107,0,12.2414,0,6.16599,12.23691,0,12.20927
IA, Jackson County ,0,4.93413,14.89425,4.96327,9.92753,19.87676,9.95421,9.99251,0,0,5.04236,5.06997,15.23384,5.11535,5.13452,5.14033
IA, Jasper County ,2.68442,0,0,2.65231,0,2.66795,0,8.07168,8.0856,5.42314,10.86396,16.37957,10.93912,8.16482,8.14553,10.89058
IA, Jefferson County ,0,6.17017,6.19924,0,6.13572,0,0,12.04819,18.06467,0,5.94354,5.86889,11.62723,17.14972,16.97697,16.8039
IA, Johnson County ,1.79445,0.8807,3.47983,5.14258,4.20553,4.15628,5.7271,5.62064,6.29361,8.4704,2.28497,8.97431,8.03712,5.00812,2.10852,8.99237
IA, Jones County ,4.93608,9.87459,0,4.90052,9.70261,9.70638,4.83606,9.614,9.59325,4.86334,9.67539,9.64367,14.56664,14.63843,4.88281,9.80633
IA, Keokuk County ,35.0324,8.79585,8.82613,8.93975,0,9.19033,0,0,18.83239,9.47688,0,9.64506,19.23632,29.11208,19.56947,9.87264
IA, Kossuth County ,0,0,11.9976,12.10287,18.25151,12.27973,6.23247,0,6.37552,6.39795,6.44122,12.99376,0,13.08729,6.57722,6.59848
IA, Lee County ,7.9091,2.6713,8.11688,2.73023,8.19963,13.74986,11.02202,8.30335,11.16726,11.15573,13.95167,11.24038,11.2328,16.96881,17.04255,5.70272
IA, Linn County ,2.07938,2.57256,4.59214,3.55474,5.54676,4.49113,2.95991,6.31558,8.15121,5.23269,8.50332,6.54138,8.36218,6.94197,12.40832,8.64454
IA, Louisa County ,0,0,0,8.17661,0,0,8.40054,8.40901,8.45309,8.75964,0,17.59634,0,26.49943,0,17.80785
IA, Lucas County ,0,10.65417,10.68376,0,0,0,0,10.77586,0,22.35136,11.24733,0,0,0,11.5141,11.50483
IA, Lyon County ,0,0,8.56898,0,0,8.56384,8.61772,0,0,0,0,17.06485,8.49473,0,0,8.51136
IA, Madison County ,0,7.07014,6.98714,0,0,0,13.10444,0,0,0,0,0,0,0,19.2283,19.05246
IA, Mahaska County ,13.45352,4.46289,8.93096,0,4.4964,4.45355,8.96941,0,17.79122,4.47147,4.46409,4.44247,0,8.92738,13.43725,17.94446
IA, Marion County ,6.22975,9.20726,3.07012,3.07248,0,3.0512,0,0,5.96748,2.98793,6.0183,9.00387,3.00165,6.0465,6.01305,9.05223
IA, Marshall County ,0,5.07434,2.54472,10.15306,7.55458,12.61161,10.10076,7.52351,4.9812,7.44786,4.91461,9.75848,4.87175,9.75515,2.45146,2.4684
IA, Mills County ,20.61289,0,6.87474,6.83948,0,6.70916,6.57289,0,0,13.28374,13.28198,13.3209,6.73265,13.45986,0,0
IA, Mitchell County ,0,18.62891,0,0,9.176,0,9.2285,0,0,18.58218,0,9.32749,0,0,0,9.27042
IA, Monona County ,0,10.14199,10.21346,0,0,0,0,0,10.69519,10.81432,0,0,32.82994,0,22.30898,0
IA, Monroe County ,12.49219,0,0,0,12.54863,0,12.64063,0,0,0,12.52191,12.43163,12.39772,0,12.56281,12.58336
IA, Montgomery County ,16.95921,17.3777,26.51816,0,0,0,0,9.10664,0,0,0,0,9.46342,9.58038,9.57579,0
IA, Muscatine County ,0,4.78927,4.78962,0,0,4.77395,2.37276,9.45068,9.40844,0,2.34,9.35301,2.33187,6.98633,11.63846,11.62331
IA, OBrien County ,6.63702,0,0,6.77415,20.59874,0,13.73815,6.93433,0,6.93866,0,28.15712,7.06165,0,7.11136,7.14847
IA, Osceola County ,0,14.36163,0,0,0,0,0,0,15.11259,0,0,0,16.18123,16.11344,0,0
IA, Page County ,5.90354,0,0,6.11396,0,6.14477,0,12.30315,6.21775,12.59049,0,18.83712,0,6.42921,32.16675,6.44288
IA, Palo Alto County ,0,0,0,10.25851,41.01302,30.92146,0,0,0,10.51525,0,0,0,21.78175,10.9577,0
IA, Plymouth County ,0,0,0,0,3.99329,0,0,0,0,0,0,0,0,4.00882,4.01397,16.05587
IA, Pocahontas County ,0,0,0,0,12.49531,0,0,13.04291,0,0,0,27.70851,0,13.9958,14.03903,0
IA, Polk County ,4.25954,3.42008,3.38229,3.60567,6.37488,5.51337,5.91148,5.32657,5.72116,7.0466,6.93991,8.45121,8.78733,11.07515,5.65488,4.71407
IA, Pottawattamie County ,3.40824,3.41091,4.52248,2.25172,2.22811,5.54336,5.50255,2.19205,13.0746,8.65848,12.85237,6.42055,13.9955,12.92908,10.73261,10.6913
IA, Poweshiek County ,0,10.54185,5.27955,10.49318,0,0,15.74555,5.22466,10.51248,5.27482,15.8663,5.30026,0,16.10133,0,5.4019
IA, Ringgold County ,0,0,18.7301,18.75469,0,0,0,0,0,0,19.52362,19.61554,19.67729,0,0,19.78631
IA, Sac County ,0,0,0,0,9.19879,27.99552,18.67937,9.49487,9.54654,9.66931,0,0,9.82608,0,9.94036,0
IA, Scott County ,3.15231,5.05679,2.53027,6.32719,7.58797,3.15372,6.26578,5.62229,5.5616,9.16971,5.42996,8.38093,8.88415,10.55403,9.32694,8.71232
IA, Shelby County ,7.67401,0,7.77061,7.80092,15.68627,7.97003,8.01282,8.00256,0,0,0,0,0,0,16.71961,8.39419
IA, Sioux County ,0,0,3.10907,3.09425,3.07248,15.27837,3.02325,0,0,2.97734,5.92891,8.81575,5.82428,2.89905,2.88834,2.87753
IA, Story County ,1.24763,1.24595,1.22122,4.87401,3.6252,1.20651,7.08057,2.31107,4.5542,2.24002,1.11565,1.10055,4.35735,4.27492,7.34014,3.11378
IA, Tama County ,0,11.06195,5.55031,5.54631,0,0,11.01989,0,5.55988,5.60758,0,5.67054,11.40511,5.71037,22.9819,0
IA, Taylor County ,0,0,0,0,0,15.30456,0,0,0,47.20692,0,15.91596,16.03335,16.10306,16.24695,0
IA, Union County ,8.14266,0,16.44331,8.33056,0,16.47039,0,0,8.03406,0,0,0,7.93714,0,15.8466,0
IA, Van Buren County ,0,0,0,0,0,26.18487,0,0,12.9887,13.1096,0,0,0,0,0,0
IA, Wapello County ,0,2.78187,0,2.7972,2.80041,0,8.38551,2.82024,0,8.45523,5.61041,8.46644,11.31318,8.47961,8.51209,2.83704
IA, Warren County ,0,4.86855,2.41418,2.3704,2.3483,0,2.26357,4.45752,6.60066,6.53225,8.63334,17.13869,6.3842,4.21479,6.2487,10.26568
IA, Washington County ,9.65344,4.74744,14.21262,0,4.70411,4.68384,0,0,4.61127,13.82998,13.82743,4.57938,9.12076,0,9.051,8.98836
IA, Wayne County ,0,0,0,15.11944,0,0,0,15.68381,15.6912,0,0,15.70598,0,0,78.22278,15.65925
IA, Webster County ,7.45638,0,0,5.07911,2.56924,5.18645,2.59511,2.60464,7.83842,5.21975,5.28039,13.25311,10.73768,5.36826,2.70395,16.21972
IA, Winnebago County ,0,0,0,0,8.83314,0,0,0,9.15164,9.16003,9.22509,0,0,19.08943,28.32059,28.39027
IA, Winneshiek County ,4.70256,0,4.72077,9.52109,4.75285,0,0,9.48857,0,4.75624,0,4.75172,9.5048,9.58681,4.82439,0
IA, Woodbury County ,1.92704,0.96966,0.97403,1.96003,2.94649,6.95901,8.93806,0.9951,0.99098,9.84436,7.81532,9.74194,4.88615,6.8465,7.81907,9.75953
IA, Worth County ,12.66785,0,0,12.92992,0,0,26.14721,0,26.20545,13.1406,0,0,0,0,13.14924,0
IA, Wright County ,6.97983,0,14.32973,0,7.24218,0,0,22.2354,0,7.54034,7.57748,7.6693,7.68108,15.42139,0,0
KY, Adair County ,5.77134,0,5.63,0,5.55741,0,0,5.40745,10.7869,0,5.33561,10.53852,5.28234,10.47395,5.20562,5.19103
KY, Allen County ,5.61167,0,0,0,10.69576,5.28821,15.56663,0,5.04083,10.0954,0,19.83045,4.94267,9.86291,0,9.72715
KY, Anderson County ,0,0,5.17732,5.12715,0,10.0065,4.87353,9.52426,4.74203,0,0,9.2816,4.61681,0,9.14997,4.56017
KY, Ballard County ,0,0,0,0,0,0,0,0,0,0,0,12.06418,12.03225,12.08167,0,0
KY, Barren County ,0,7.78877,5.16742,7.6601,5.05038,4.96032,4.89512,2.41342,2.39252,7.11389,11.86915,7.07998,11.7247,11.62899,11.59393,16.02711
KY, Bath County ,8.98634,0,0,8.75044,0,8.66701,25.95605,8.7184,0,8.66251,8.61401,8.5419,8.47314,8.33056,0,8.15594
KY, Bell County ,0,0,3.36802,6.78472,3.41588,0,6.90608,3.47295,20.80732,10.46499,0,6.98446,10.6206,10.72539,7.20721,10.99143
KY, Boone County ,2.296,3.32311,5.35774,2.06868,0.99185,4.74131,6.40468,4.45204,4.33794,7.66212,0.83779,4.11695,7.32619,4.03232,3.18129,2.35918
KY, Bourbon County ,10.32738,10.28648,10.28172,15.33507,5.06765,15.06932,0,10.0548,0,0,5.01454,5.0045,30.02252,5.01354,15.00901,9.96363
KY, Boyd County ,4.03006,8.06533,10.08512,4.01978,6.05547,4.04834,6.08371,10.17211,12.18423,16.2068,4.03047,10.11961,4.06042,12.26818,14.34573,14.43656
KY, Boyle County ,0,3.64007,0,7.28571,7.18597,3.58141,3.56748,0,3.53507,3.53394,6.98544,10.43261,10.34733,6.75197,13.41877,40.259
KY, Bracken County ,0,0,0,11.92321,11.63873,0,11.78689,0,11.80498,0,0,0,11.80916,11.85396,0,0
KY, Breathitt County ,0,0,0,0,0,0,13.74665,6.97983,7.01804,0,0,0,0,7.3616,22.34637,0
KY, Breckinridge County ,0,5.3087,5.25486,0,10.34875,15.32254,5.10465,10.09133,14.98651,5.00526,9.98054,9.86485,9.95272,9.97357,10.05177,10.0035
KY, Bullitt County ,8.1182,1.59755,6.27205,1.53671,4.48183,2.9146,5.71086,5.58839,4.12439,6.7803,14.76451,11.95251,7.90025,13.01016,3.84507,13.98548
KY, Butler County ,0,0,7.72082,0,0,0,0,0,0,7.89266,0,0,0,7.81494,23.35903,15.5521
KY, Caldwell County ,15.35391,7.78634,7.81372,15.62256,0,15.60549,7.79545,0,0,15.38935,15.39764,7.69941,7.72917,7.80275,23.47418,7.88022
KY, Calloway County ,2.9274,8.71105,5.79727,2.86566,5.66139,5.58847,2.74914,2.73336,2.72584,5.42211,2.67644,7.96284,0,7.83433,13.06097,10.40556
KY, Campbell County ,5.6378,2.25116,5.6436,6.79817,4.54638,6.81454,4.5436,4.52991,6.77599,11.15275,8.82905,5.49595,11.01564,8.80349,5.46508,11.96628
KY, Carlisle County ,0,0,0,0,0,0,0,19.5733,0,39.11598,19.60784,0,19.8334,0,0,0
KY, Carroll County ,0,0,9.69744,9.64134,9.63484,9.51384,0,0,9.30752,18.42978,9.25583,18.2166,36.80191,0,27.88622,0
KY, Carter County ,0,0,3.66811,3.63583,3.63266,7.20279,0,3.57513,7.20669,3.59906,7.21085,14.58417,3.63994,7.2998,3.66059,14.69292
KY, Casey County ,0,0,0,0,0,12.62228,6.28931,0,6.26174,0,6.26802,0,31.09259,18.6428,12.62865,18.96933
KY, Christian County ,6.87474,2.72491,1.36803,0,4.1841,0,5.66636,2.73493,4.1647,4.08402,6.74263,6.79597,1.32209,9.42812,8.11227,6.8042
KY, Clark County ,0,0,8.98015,0,5.87803,0,5.74333,2.84034,2.8364,11.23375,8.42484,2.8196,25.17342,11.23753,19.61828,8.40713
KY, Clay County ,8.17728,4.13172,8.33507,0,4.2959,8.71612,4.4018,0,4.48652,0,13.83445,4.6262,4.63714,9.40778,4.72545,14.25381
KY, Clinton County ,0,10.31353,0,0,0,10.06847,10.05834,19.76285,9.75324,0,19.47989,0,0,0,19.69279,0
KY, Crittenden County ,10.62925,10.74114,0,0,0,0,10.79447,21.55637,21.2585,0,0,21.54012,32.40091,21.72024,21.73441,32.61579
KY, Cumberland County ,0,0,0,0,0,0,0,28.73976,0,0,0,0,0,0,0,29.60332
KY, Daviess County ,5.45512,2.18086,3.26723,0,5.38973,8.5883,8.51898,6.33935,6.28858,2.07768,9.3054,6.17049,7.15118,11.18898,12.19314,9.06043
KY, Edmonson County ,8.5918,8.5266,0,0,0,0,8.3633,16.59063,0,8.24946,8.20075,0,0,0,0,0
KY, Elliott County ,0,14.93875,14.92537,14.74491,0,0,13.98406,0,13.23452,0,0,12.63424,0,0,0,0
KY, Estill County ,0,0,13.16396,6.66045,0,20.2977,0,0,40.67245,27.26281,6.80504,0,20.70679,20.75263,13.86963,20.88991
KY, Fayette County ,4.20798,4.54563,3.00953,5.18703,4.03852,4.71801,6.42924,3.88293,9.73294,6.15355,6.06639,7.96622,6.22541,9.40029,7.72387,7.62469
KY, Fleming County ,0,0,0,7.02741,28.02887,0,0,20.90738,6.97107,7.0028,6.94396,13.79786,20.62281,6.87238,13.79501,27.37289
KY, Floyd County ,4.72634,2.38983,4.7995,7.25953,2.43143,0,4.94694,7.45138,12.51126,7.56754,0,5.02348,10.19576,7.78049,5.24398,5.308
KY, Franklin County ,6.26462,2.07533,6.21208,8.29084,6.18098,8.22707,4.10686,6.14817,2.02836,12.182,6.08445,8.10061,8.07852,16.12903,10.00741,11.93484
KY, Fulton County ,0,0,13.22227,0,0,28.20874,0,0,0,14.72104,0,0,0,0,0,47.93098
KY, Gallatin County ,0,0,12.67267,0,0,0,0,11.99472,23.75297,0,23.22611,23.31002,23.55435,11.77995,11.67679,0
KY, Garrard County ,6.73673,6.62691,12.89906,12.66624,0,0,12.05182,5.92171,0,5.91716,0,0,11.79732,23.63089,0,11.64483
KY, Grant County ,0,0,0,0,0,4.16788,4.1232,4.07432,4.02317,8.09815,8.10373,0,12.2504,8.14963,12.08167,4.04204
KY, Graves County ,2.69913,2.71231,0,5.42035,0,2.70812,5.42608,2.70768,5.42564,8.12304,5.37302,13.31842,7.99254,5.35447,10.64481,10.73797
KY, Grayson County ,0,16.54944,0,0,12.01827,7.9425,0,0,11.73801,3.90335,7.75194,19.38811,11.59913,7.68521,7.64672,3.81199
KY, Green County ,0,0,8.66326,8.65276,0,0,0,0,8.74738,0,8.89838,0,8.83626,8.95015,18.11102,36.29105
KY, Greenup County ,0,2.7171,2.73224,8.17862,2.73381,0,10.8616,2.70717,5.38996,13.49418,10.84099,13.58511,19.10115,13.72759,13.78094,5.55078
KY, Hancock County ,0,11.86099,11.87085,0,0,0,0,11.71509,46.69079,0,0,0,11.53935,0,11.46526,11.48106
KY, Hardin County ,8.60965,5.33533,2.12459,2.12927,9.47219,7.24248,3.07569,1.01288,9.00666,6.91331,8.40964,10.23275,6.5315,9.23515,9.20726,10.33
KY, Harlan County ,12.14513,3.10713,0,3.19581,6.53296,6.60567,3.32082,3.33678,6.75881,6.77186,13.68691,6.85589,17.4125,14.00462,10.67692,10.86445
KY, Harrison County ,5.55648,0,0,16.50982,5.48456,5.4603,0,5.34045,0,0,10.62982,5.35217,0,10.78283,0,0
KY, Hart County ,5.70288,0,0,0,5.61136,0,5.52212,5.50297,10.91703,0,10.99203,0,5.43213,5.41301,21.56334,5.40862
KY, Henderson County ,0,2.22891,6.65321,6.63511,8.81795,4.39358,6.57419,4.37675,8.68697,13.033,2.16207,2.15671,2.15308,10.79005,12.93466,10.77865
KY, Henry County ,6.65247,0,0,0,0,0,6.46204,0,0,0,13.0039,19.52489,0,12.97606,6.43583,6.43335
KY, Hickman County ,0,0,0,19.28268,0,0,0,0,0,0,0,0,0,0,42.46285,0
KY, Hopkins County ,2.15225,0,2.15638,4.28559,0,8.57633,2.14009,4.2704,8.50141,8.52497,2.13393,14.93206,14.98705,21.47766,8.63167,4.32143
KY, Jackson County ,0,7.347,0,0,7.4206,7.3551,0,0,0,0,14.81811,0,7.51033,7.45379,14.9925,22.47865
KY, Jefferson County ,4.75231,4.87694,7.57348,5.82411,6.64943,8.02797,7.69071,8.85152,9.99734,10.04473,10.50821,12.32847,11.84547,13.0656,14.32885,12.7045
KY, Jessamine County ,0,0,0,0,2.36139,2.29869,2.22104,0,4.21683,6.23014,2.05288,4.08422,2.01816,7.96464,9.80238,3.85089
KY, Johnson County ,4.28908,4.30478,12.95561,4.32189,8.60993,0,0,8.56384,0,4.30663,8.5481,0,12.79809,4.25786,8.58996,4.30812
KY, Kenton County ,2.63751,6.58007,3.29431,4.58743,6.53006,3.90196,7.07136,5.72373,1.89564,5.65188,6.87504,5.61094,7.43969,11.0485,12.84694,7.30185
KY, Knott County ,0,5.7435,0,0,0,5.85172,5.9393,6.00962,6.0183,12.08971,6.1237,0,0,6.21234,6.26763,0
KY, Knox County ,3.14762,6.36314,6.39018,9.56145,9.56297,6.33513,15.82329,12.63105,9.45001,0,6.27746,3.11662,3.1505,9.41413,15.75548,3.15776
KY, Larue County ,14.9276,0,0,0,0,0,7.17669,21.41633,0,7.05617,0,0,28.38289,21.30531,14.11333,21.13718
KY, Laurel County ,5.66893,3.73106,5.50944,3.612,7.16705,3.54202,1.74706,5.17795,3.43985,5.12707,3.39041,11.79086,8.38884,8.36862,9.99201,14.97479
KY, Lawrence County ,6.42963,0,6.4,6.42756,6.38407,0,0,0,6.30239,6.29366,0,6.28615,12.62148,0,12.59446,37.75247
KY, Lee County ,25.22386,12.62307,0,24.95321,0,0,12.73885,12.73074,0,12.68231,0,13.00221,0,14.62416,14.76233,0
KY, Leslie County ,8.08342,0,0,0,25.38071,0,25.76877,0,0,8.80204,35.44214,8.86446,8.95255,0,9.18105,9.33968
KY, Letcher County ,11.89862,0,4.01381,0,4.04171,12.20256,4.07598,8.1636,0,0,16.29328,0,0,4.23944,12.81121,17.32277
KY, Lewis County ,0,0,7.28438,7.29395,0,0,7.13776,7.10783,0,7.18649,7.22961,7.24323,14.54122,0,14.53488,7.36594
KY, Lincoln County ,4.27168,0,4.19375,4.14783,8.22741,12.13641,4.02609,0,8.10898,8.07233,4.04024,4.04514,4.09316,12.26342,20.43819,16.40151
KY, Livingston County ,0,0,0,10.35626,20.85723,0,10.42318,0,0,10.55298,10.48658,10.52521,0,21.36296,21.36524,0
KY, Logan County ,0,3.75813,0,15.07557,3.75488,0,3.7358,7.43191,11.19319,3.72135,18.62544,3.7294,7.49569,0,7.45851,26.17899
KY, Lyon County ,0,0,0,0,12.12268,0,11.85677,11.91469,0,0,0,35.60831,23.69668,11.83712,0,0
KY, Madison County ,4.20704,0,2.71614,2.66674,2.60848,2.54026,3.73767,6.19894,2.45336,7.29049,3.59346,8.25063,2.33872,6.97172,11.46552,5.66405
KY, Magoffin County ,15.01389,0,0,0,0,30.07067,0,0,0,7.49906,22.54961,15.13661,7.66284,7.73096,7.7101,7.81616
KY, Marion County ,0,5.4336,10.78749,5.35447,0,5.19454,0,5.13927,20.35934,10.11685,0,4.99077,25.03254,0,26.17664,15.5739
KY, Marshall County ,0,3.3173,3.30491,3.27933,9.78027,3.23939,6.40943,6.36072,9.54867,0,9.53289,6.39304,19.17607,16.01127,9.65499,16.07252
KY, Martin County ,7.94534,0,0,0,0,7.38771,0,0,7.59878,30.67485,15.50989,7.76036,0,7.87712,0,8.09585
KY, Mason County ,0,0,5.94354,5.97764,0,5.90912,5.83499,0,0,5.72607,5.71429,22.81022,17.1841,11.56203,11.68088,29.27915
KY, McCracken County ,1.52851,7.71307,3.09655,3.10414,6.22374,4.65622,3.09224,4.62072,7.65849,9.13882,12.20778,4.56073,13.7122,15.29801,15.30831,15.39101
KY, McCreary County ,0,0,5.77367,5.75937,0,5.63126,16.76727,0,0,0,10.93494,10.94331,0,16.73453,5.58909,5.59879
KY, McLean County ,10.01703,0,0,0,10.16157,10.19264,10.30715,0,0,10.45369,10.51193,10.49538,10.49759,0,10.56412,10.53075
KY, Meade County ,7.09497,3.50803,0,0,0,3.36338,0,17.17741,6.9056,7.04151,0,3.3687,3.41285,3.41472,6.8519,10.77083
KY, Menifee County ,0,0,15.03533,15.19526,0,0,0,15.41782,15.48707,0,0,0,0,15.78532,0,0
KY, Mercer County ,4.80908,0,4.78996,9.5039,0,9.42107,18.88485,0,0,9.39585,4.68428,14.09509,0,9.37734,9.33228,13.98732
KY, Metcalfe County ,0,9.92556,0,0,19.98401,0,0,9.81643,0,0,9.88142,9.92162,0,20.06018,0,20.16129
KY, Monroe County ,8.54701,0,8.65276,0,0,0,0,8.95175,9.09918,9.1166,9.11993,0,27.66507,9.34492,18.74063,9.38703
KY, Montgomery County ,0,4.37618,4.30089,0,8.36855,4.08313,3.98645,3.91389,3.84897,0,7.53097,7.47356,14.87321,7.33514,7.30167,21.71474
KY, Morgan County ,0,7.11946,0,0,0,21.09853,0,0,0,14.35956,14.54969,7.28704,0,7.46826,14.94545,7.52332
KY, Muhlenberg County ,6.2903,9.44347,3.16046,0,6.32611,3.16506,0,6.32371,12.70406,3.1741,9.48197,12.68955,15.93524,3.19765,15.99795,9.63206
KY, Nelson County ,2.6552,0,0,12.72038,5.00663,7.39244,9.65624,4.75964,4.69616,0,9.172,6.81477,4.50694,15.72998,4.46229,4.43292
KY, Nicholas County ,14.72971,0,14.25517,14.13428,0,14.01738,0,0,14.01542,28.07018,14.03903,14.09245,28.46165,14.21666,14.13428,0
KY, Ohio County ,0,0,8.63521,12.95449,4.26403,12.70594,0,4.20274,16.64932,4.1862,12.5802,8.33194,4.15697,24.95114,16.62234,16.518
KY, Oldham County ,12.79454,12.51747,6.09137,5.84841,3.78573,7.3711,1.77528,0,15.15789,8.36442,4.96483,13.16742,9.66121,14.27235,12.49434,9.28419
KY, Owen County ,0,0,0,0,0,0,0,0,0,0,18.44848,18.48941,18.59773,9.41531,9.40026,9.33707
KY, Owsley County ,0,0,0,0,0,0,0,0,0,0,0,0,0,43.44992,0,0
KY, Pendleton County ,0,0,0,0,0,0,6.67913,0,0,6.76315,13.42102,0,6.88563,6.87805,0,13.82839
KY, Perry County ,0,6.87002,3.427,10.28348,3.44317,6.93217,10.40619,0,3.48602,0,13.9402,10.43841,14.09642,17.78663,14.43366,18.15146
KY, Pike County ,5.8389,4.43741,2.96569,5.98355,6.05418,4.56489,4.57094,4.58498,3.06396,3.0649,6.146,7.69823,7.73455,6.25812,14.27824,17.7982
KY, Powell County ,0,7.5683,7.66107,15.4202,7.66225,7.62369,15.45237,7.73635,0,7.90889,7.90826,7.91891,16.02179,0,24.22872,16.29859
KY, Pulaski County ,7.08868,1.75713,3.47554,8.58634,3.37981,3.33611,1.64604,9.76563,4.81773,9.5677,11.0756,3.15283,7.87302,10.98315,9.39894,7.83368
KY, Robertson County ,0,0,0,0,0,0,0,0,44.01408,0,0,0,0,0,0,0
KY, Rockcastle County ,0,6.03427,11.98753,5.97193,17.83379,5.91331,5.89136,5.85549,5.80855,5.85686,0,5.84249,11.70686,23.87917,23.76426,5.89971
KY, Rowan County ,0,0,0,0,4.50755,8.94374,8.80824,8.72829,4.32957,8.56898,12.82764,8.47709,16.75533,16.49281,12.364,20.27
KY, Russell County ,0,0,6.08088,6.03355,0,0,11.60631,5.78135,0,5.67151,0,5.65739,0,16.92525,11.25492,11.34044
KY, Scott County ,0,5.78921,2.80891,0,5.2561,2.5229,2.38527,6.89798,4.42899,2.15866,0,6.2422,6.11421,5.99197,9.74507,7.64424
KY, Shelby County ,0,0,2.87737,5.6013,0,2.6455,5.09126,4.95847,2.43641,4.81047,2.36636,6.99024,2.2909,2.25785,20.04722,15.35391
KY, Simpson County ,0,0,0,5.99018,5.9453,5.88305,11.68566,0,0,5.80484,11.52605,28.85836,11.3688,22.52252,11.20134,16.67593
KY, Spencer County ,8.3956,0,0,0,0,0,0,0,5.93648,5.8924,17.53566,0,11.4771,0,11.2765,0
KY, Taylor County ,0,0,4.28486,4.2757,0,8.41928,0,16.61268,8.24538,0,8.10077,4.00048,3.98772,11.92558,7.88084,15.64517
KY, Todd County ,8.38504,8.31878,0,0,8.43313,0,0,16.4352,0,0,0,0,7.91202,8.00897,16.04364,16.08105
KY, Trigg County ,0,7.81067,0,7.67931,0,14.68537,0,7.10278,0,0,6.97107,0,13.88021,6.9891,14.14227,7.0373
KY, Trimble County ,0,0,0,0,22.61676,0,0,0,0,0,11.35976,11.34816,0,11.35332,22.90426,0
KY, Union County ,0,0,0,6.49562,0,6.52103,6.5591,6.64011,0,13.32978,6.54151,0,13.23276,6.6177,13.18565,26.57278
KY, Warren County ,5.38115,2.12289,0,4.09329,2.01011,3.91692,4.75421,1.86296,4.55361,7.11902,5.25353,5.1922,4.27204,8.40704,10.77488,8.11959
KY, Washington County ,0,0,0,0,0,8.81912,0,0,0,0,8.51571,8.48824,0,16.77852,16.675,8.26105
KY, Wayne County ,5.01052,0,0,0,0,4.87424,4.86689,14.51589,14.45296,9.61862,9.60108,4.78858,14.43071,4.83653,19.54843,14.703
KY, Webster County ,0,7.17103,21.45616,7.18804,0,7.14082,7.20721,0,21.98446,21.92822,7.35565,0,0,14.93429,22.66888,7.55344
KY, Whitley County ,5.57181,0,5.54893,0,2.76526,5.51678,5.53266,5.53434,11.06103,5.55648,2.79744,14.02289,8.422,5.59425,5.5955,11.11111
KY, Wolfe County ,14.03312,0,0,14.17836,0,0,0,0,0,0,0,13.57589,27.7585,0,27.63576,13.83126
KY, Woodford County ,0,0,8.54482,8.49077,4.2203,8.35666,4.14353,4.12984,0,0,11.98466,4.01268,19.94257,15.81403,7.81525,11.59375
LA, Acadia Parish ,6.8033,5.09823,0,0,1.68853,16.79995,8.26146,6.58306,9.81756,4.88194,6.46726,3.23756,9.69556,4.82556,6.39366,4.79226
LA, Allen Parish ,3.93685,0,3.9692,0,3.94664,0,3.89226,7.71099,15.47149,11.59958,11.65592,15.54787,11.73433,15.62683,23.39729,0
LA, Ascension Parish ,3.87923,2.52493,6.14409,1.19094,1.15805,6.68591,5.18559,1.99736,6.80332,3.80329,1.85441,6.36138,8.01889,7.85635,7.67322,10.05252
LA, Assumption Parish ,4.28743,4.31146,4.30849,12.89657,8.5767,8.62106,8.51898,16.99019,8.49834,12.76161,8.56458,8.62032,8.66213,4.30904,4.34254,13.1314
LA, Avoyelles Parish ,9.64809,0,0,2.41278,14.53805,0,11.88213,9.56732,14.27212,4.75805,11.87931,9.56251,14.41892,9.68335,9.72124,7.30336
LA, Beauregard Parish ,9.0967,3.03021,9.09091,9.03043,5.9499,0,2.89771,0,8.59771,8.53679,19.52689,5.54416,5.50767,11.03722,5.52242,13.70727
LA, Bienville Parish ,6.36254,19.48052,0,0,0,0,0,0,20.69822,0,13.95771,0,21.17597,7.17103,21.78491,7.20929
LA, Bossier Parish ,3.0103,6.93165,3.91286,3.88018,4.74226,0,3.61644,2.67742,6.14985,7.81338,7.65124,6.6645,12.17878,1.61428,8.80747,7.16629
LA, Caddo Parish ,4.78107,4.00296,5.62807,3.22131,8.02707,8.81435,7.91327,5.95806,9.52559,11.84624,8.60403,8.17105,11.65519,12.92982,10.28697,13.524
LA, Calcasieu Parish ,8.17198,7.09235,7.08497,6.49699,9.15983,5.36432,5.93472,9.08697,8.99814,7.32677,7.76783,5.67522,11.30739,7.67299,14.22656,12.07894
LA, Caldwell Parish ,0,0,9.58865,9.65997,9.63206,0,0,19.62901,9.78091,9.81836,9.86388,9.90589,9.98801,0,20.1552,19.9362
LA, Cameron Parish ,0,0,10.1688,0,0,0,12.95505,13.30318,13.45171,0,0,0,0,0,14.93206,0
LA, Catahoula Parish ,0,9.28764,0,0,9.57121,19.49698,0,9.54107,0,0,9.63948,9.6918,9.74374,9.71534,0,9.92654
LA, Claiborne Parish ,0,0,5.978,0,11.86592,0,5.84488,0,0,5.80383,11.65977,11.8015,11.86873,0,6.10836,12.30693
LA, Concordia Parish ,4.94438,0,0,4.98157,5.00701,0,4.92247,4.93974,9.79432,0,4.80054,14.40784,9.77613,24.44988,19.59536,4.95123
LA, De Soto Parish ,3.92126,11.78828,7.81311,3.89484,3.85238,0,11.46132,11.35804,7.52162,7.57203,7.49541,7.46993,3.70494,11.10042,29.62414,14.77978
LA, East Baton Rouge Parish ,5.56957,6.80163,5.35249,5.09026,5.79483,3.86649,4.61389,6.92291,6.91686,6.3982,8.8491,10.19788,6.99713,7.87354,13.6813,10.53302
LA, East Carroll Parish ,0,10.94571,0,0,0,0,0,0,12.59604,0,0,13.05142,0,13.328,0,0
LA, East Feliciana Parish ,4.69528,14.3007,4.83863,4.87757,19.73749,19.90743,19.4562,4.89428,14.69508,4.88114,9.91572,4.9682,10.02858,20.33037,0,15.24778
LA, Evangeline Parish ,0,2.84455,2.86582,5.79492,2.90706,5.79173,5.74069,0,11.65637,0,14.72104,14.77061,5.92522,8.87206,2.96226,2.95954
LA, Franklin Parish ,0,9.49217,0,4.77509,0,19.36108,0,4.8216,0,4.83629,9.60615,0,4.85319,9.74564,0,9.80248
LA, Grant Parish ,0,0,0,10.29866,10.06137,0,0,14.1057,9.23489,0,8.95055,0,17.85395,22.37537,8.92857,13.42522
LA, Iberia Parish ,9.56676,10.95996,4.11737,9.62067,0,8.2598,10.90483,6.80439,16.32165,10.90334,8.1909,2.71953,17.59372,9.46099,12.18043,6.76105
LA, Iberville Parish ,0,15.00285,9.02473,12.1058,3.05651,12.23354,5.96677,14.87962,11.87472,8.98392,11.98933,2.99913,18.00774,18.00072,15.11031,6.03573
LA, Jackson Parish ,12.97438,0,6.46412,6.42055,12.77955,0,0,6.28062,6.20925,6.20424,12.27521,6.11845,0,6.20578,12.52505,6.30279
LA, Jefferson Davis Parish ,0,6.40369,9.64227,3.21636,6.43583,6.40985,12.70285,9.56053,6.34981,3.17158,9.48527,6.33352,25.44448,9.58987,15.91141,12.72507
LA, Jefferson Parish ,9.45188,7.72364,4.19029,7.4802,8.97937,9.19935,9.14881,11.5558,8.10637,10.6501,12.01604,11.52119,10.13097,13.11038,17.93689,17.90819
LA, La Salle Parish ,7.00722,0,0,6.96573,13.92176,0,6.88753,6.86342,6.81803,0,0,13.37972,20.16536,0,13.44628,0
LA, Lafayette Parish ,6.82357,6.25896,2.05587,3.55854,2.00664,8.90855,5.73,4.72086,6.97224,6.37912,9.00179,9.80842,11.88993,9.0812,9.75999,10.02385
LA, Lafourche Parish ,6.68338,6.6589,5.49487,4.3526,3.24044,10.79261,3.17847,5.27732,7.32195,13.53039,11.37703,7.21739,14.42199,9.26422,22.50639,20.37448
LA, Lincoln Parish ,0,4.69208,0,2.29679,0,4.48632,6.68643,8.82554,4.37388,6.48368,4.26767,12.74914,6.36632,6.32858,2.1093,0
LA, Livingston Parish ,5.39677,8.36846,3.03009,4.89495,3.77188,5.4941,5.18484,5.01974,8.87369,5.54543,10.87742,3.83963,9.85296,13.41532,10.31726,5.08444
LA, Madison Parish ,0,0,7.58725,0,0,0,0,8.05802,0,8.30565,0,16.70565,16.38538,16.80814,16.94197,0
LA, Morehouse Parish ,3.22987,0,6.59652,0,10.03647,6.81315,10.31672,7.02297,0,7.10555,3.58474,7.2722,7.28491,22.21235,14.96334,18.91933
LA, Natchitoches Parish ,5.11653,2.5744,5.10491,7.70733,7.70218,10.22835,2.56515,0,7.64448,10.14585,20.24035,10.11685,5.06445,17.84576,7.63845,2.55513
LA, Orleans Parish ,7.61928,8.61781,7.55531,9.14287,9.5187,10.52005,9.99253,13.02321,12.58937,15.25306,12.93464,13.02516,12.15763,13.72444,13.78934,17.19104
LA, Ouachita Parish ,4.07412,6.13125,8.12304,6.05861,5.35859,2.67601,7.27595,5.95407,7.90894,5.88012,6.49452,5.17387,7.08115,7.04487,5.75065,5.73183
LA, Plaquemines Parish ,0,7.39946,3.6414,3.55,10.20755,0,8.95696,13.21062,0,4.39947,12.9741,25.39253,12.55598,16.95131,12.82216,12.72912
LA, Pointe Coupee Parish ,0,4.42988,17.81658,13.41142,4.47788,9.06002,4.39483,13.13025,26.12558,8.75388,8.7885,8.75925,22.02061,8.92937,0,31.46775
LA, Rapides Parish ,3.95429,2.37707,3.95936,5.52936,4.72088,7.84043,2.30587,7.67825,7.64614,4.57683,6.82899,11.35959,13.61738,9.05783,9.81421,9.82496
LA, Red River Parish ,10.41884,0,10.56636,0,0,0,21.5494,10.81666,0,0,11.03996,0,11.07174,22.50731,0,11.58883
LA, Richland Parish ,4.77669,9.57854,4.81139,0,4.88114,0,0,4.83793,0,14.518,4.82137,0,9.56389,4.79042,0,14.61347
LA, Sabine Parish ,0,0,12.83148,8.50087,8.49654,0,8.34934,12.4533,4.14525,12.39721,12.3793,8.18599,24.6812,12.39004,20.77016,16.56589
LA, St. Bernard Parish ,22.29555,1.46998,11.60026,15.79983,12.75745,14.02525,0,16.93982,17.31362,15.20774,8.1493,20.25111,9.63414,13.82202,20.24519,8.81368
LA, St. Charles Parish ,8.3129,6.19054,8.14382,8.10734,4.00489,7.89422,7.62587,3.79039,3.80836,9.48425,5.67709,1.90752,13.3374,3.79867,9.47346,7.58984
LA, St. Helena Parish ,0,0,9.44109,9.47957,0,19.0096,0,0,0,0,8.95415,27.24053,18.12251,9.22254,9.42329,28.3849
LA, St. James Parish ,4.71676,0,14.04166,0,9.42107,9.34623,9.10581,4.51182,13.57773,4.49822,0,4.58337,0,0,9.27902,13.94246
LA, St. John the Baptist Parish ,6.93674,2.29463,0,6.76956,4.46209,4.4154,8.45737,8.44131,10.68125,10.79075,2.19183,11.0973,2.23414,6.87837,11.41631,13.74917
LA, St. Landry Parish ,3.43171,6.94316,4.66674,8.232,5.91807,0,3.5241,8.26349,9.47564,4.77185,0,8.39107,15.57073,9.57969,11.9299,27.44958
LA, St. Martin Parish ,4.11667,2.04202,6.09409,0,8.03955,4.00882,3.91819,5.83544,7.70505,5.76646,5.74042,5.67644,11.37894,9.44323,11.2526,22.25478
LA, St. Mary Parish ,5.6204,5.65568,9.4146,5.63433,9.38298,0,11.07992,5.54488,1.83986,5.49944,9.16725,7.38702,11.20364,16.81269,11.27099,5.67601
LA, St. Tammany Parish ,7.80717,6.64547,5.97904,5.34739,5.67631,9.20141,6.72245,7.51235,9.59643,10.37955,7.67368,8.86704,10.44613,9.89989,10.16153,13.20169
LA, Tangipahoa Parish ,2.97867,4.9185,7.80404,3.85423,7.59482,1.86939,10.51691,6.84978,4.21511,8.33271,13.16959,7.33921,4.85221,12.75612,7.87253,6.98997
LA, Tensas Parish ,0,15.78781,0,0,17.28608,0,17.48557,0,0,37.65769,0,0,20.14099,0,0,0
LA, Terrebonne Parish ,7.63679,1.90015,2.83828,3.76446,9.36479,7.42039,11.81883,6.32591,14.35583,5.37206,5.37933,13.4328,18.78287,14.18402,7.03947,23.67902
LA, Union Parish ,4.39329,4.38924,4.42008,0,8.8199,43.92708,8.72638,8.78349,13.21702,0,4.38116,8.79005,4.44326,13.40123,4.44879,13.36601
LA, Vermilion Parish ,3.69727,9.2222,5.49068,5.47905,16.33009,3.58243,7.09371,7.03792,5.22457,13.86866,5.16582,6.87037,6.82163,8.43426,8.39814,18.34526
LA, Vernon Parish ,3.7919,0,0,3.89955,1.94545,0,3.93848,6.02458,4.16606,3.92904,5.68796,5.73526,7.38293,7.56301,7.66856,9.86077
LA, Washington Parish ,6.82811,6.81942,11.32349,6.77553,4.49226,8.91266,11.07248,6.46886,21.2766,16.92692,10.61616,4.24358,8.57615,10.79471,12.97522,17.27041
LA, Webster Parish ,2.39808,4.83419,9.66767,4.86322,7.29129,4.85402,4.83898,2.42277,2.42483,0,14.56594,7.27626,12.21926,9.83647,7.44325,14.97193
LA, West Baton Rouge Parish ,4.63456,0,4.58695,18.33181,13.60606,0,0,4.31332,8.60141,0,4.17571,0,12.4502,16.27273,23.87775,23.54418
LA, West Carroll Parish ,0,16.53576,8.24131,8.22707,0,16.7252,8.43811,17.08234,0,0,0,17.36865,8.69792,0,8.6949,17.72735
LA, West Feliciana Parish ,0,0,0,19.57458,19.60784,12.96092,25.41942,6.38774,19.02708,25.57708,0,19.38987,19.42754,19.45651,19.54525,6.50703
LA, Winn Parish ,5.94672,0,6.08754,0,6.28615,12.69761,6.36132,12.83038,6.49435,12.99292,0,26.42357,13.28551,6.76407,13.5722,6.88373
MI, Macomb County ,6.06945,5.49608,5.56616,5.75993,7.2867,6.03307,6.24004,7.29924,7.39983,7.14766,8.4394,7.70782,8.01331,8.99654,7.89043,9.3695
MI, Oakland County ,4.76523,4.4151,5.00463,4.82627,6.56249,4.90337,5.98874,5.16726,7.58621,8.32716,6.15154,8.75235,8.27097,9.33482,8.07286,7.57881
MI, Wayne County ,6.9024,6.80316,5.7774,7.42715,7.56113,8.00913,8.48646,9.88957,9.4367,10.61204,11.51372,12.82681,13.67191,10.98825,12.6918,13.26077
NJ, Atlantic County ,7.48993,8.21156,7.32847,8.35596,4.48224,5.91865,13.24703,7.712,11.35473,6.93307,8.37103,14.54456,10.1595,10.15287,9.46435,10.2551
NJ, Bergen County ,8.02097,8.326,5.6139,7.06109,6.04447,8.30112,7.42068,7.29667,9.38204,8.77467,8.93251,7.98934,9.2422,9.7245,8.16155,8.76059
NJ, Burlington County ,5.88993,5.58494,6.64459,4.74647,5.5985,7.37851,5.79874,8.26705,7.83294,8.27017,7.79097,7.3243,10.63768,9.3346,10.86344,8.89531
NJ, Camden County ,5.32852,7.11004,7.87558,7.47203,7.84103,6.64086,8.57374,8.56788,9.5358,10.70731,11.0982,9.93964,8.77354,9.57589,11.94509,13.71756
NJ, Cape May County ,3.90953,2.94051,3.93337,14.74781,9.95203,7.05155,7.09256,14.33163,19.47719,19.53969,3.08429,7.24608,17.62389,15.64651,22.00866,14.76124
NJ, Cumberland County ,4.7859,8.19387,4.7524,6.73686,4.67174,5.9202,5.21611,7.76754,12.19998,14.05472,12.77156,10.19108,14.0064,5.75948,17.26939,14.17151
NJ, Essex County ,7.44712,6.16886,7.41555,6.79103,7.32966,6.23139,8.0663,6.29015,7.06791,7.28953,8.53869,8.5138,8.63405,10.12718,7.30991,7.92414
NJ, Gloucester County ,5.84741,6.56921,5.32504,3.73909,7.36068,8.7234,6.0711,7.74413,9.78775,6.61187,7.26671,10.00908,8.96261,9.98595,10.6349,11.63961
NJ, Hudson County ,4.58915,4.86516,5.03611,5.36749,6.67093,7.15838,7.66,5.54073,8.0706,8.5909,6.75831,6.01868,6.08723,7.37771,7.16842,10.24096
NJ, Hunterdon County ,4.079,3.21285,3.17733,3.93902,4.70282,3.12324,3.88999,5.44459,4.67111,2.3371,6.28155,5.50193,9.48677,7.13035,7.15637,10.36765
NJ, Mercer County ,6.82856,7.06582,6.7428,6.69038,5.53636,7.45825,5.23647,9.91495,5.21807,11.49463,8.96746,9.78144,8.64662,8.61359,10.22363,11.58408
NJ, Middlesex County ,5.44575,5.51348,4.93968,6.44352,7.16496,4.69943,5.33747,7.82693,5.13019,6.3338,8.01253,8.93356,6.92025,10.01552,7.55646,7.89399
NJ, Monmouth County ,5.18766,6.76805,3.36252,6.85354,5.72697,5.25613,7.97532,7.65985,6.85425,7.15798,8.24363,7.62129,7.47477,8.9103,12.10633,8.13689
NJ, Morris County ,5.30418,5.06848,4.19082,4.5738,7.23145,5.97357,5.53862,4.50492,4.08377,6.724,5.68098,6.85771,7.64111,7.221,8.42737,6.4203
NJ, Ocean County ,5.84103,6.11437,8.76753,8.25547,10.70271,11.33069,8.01707,7.78271,6.6727,10.64344,10.38648,11.22552,12.227,13.55111,13.1426,10.69989
NJ, Passaic County ,7.74352,5.87935,6.47025,6.2637,5.66823,8.71151,6.69738,8.92701,7.67826,9.02453,7.1671,8.92802,8.90911,8.09651,9.83894,9.63812
NJ, Salem County ,4.67457,6.24327,7.75988,6.21649,6.16951,1.52933,4.55712,10.62796,12.12599,18.13154,9.09325,13.63037,19.80892,15.38604,10.84901,10.94759
NJ, Somerset County ,3.68187,5.96677,4.91392,5.19646,5.79852,3.83856,5.71441,6.3066,4.3907,4.35372,5.24436,8.57013,8.21718,6.04299,7.5274,10.20975
NJ, Sussex County ,5.52815,3.42456,3.38497,9.37961,2.66834,4.6607,3.9865,7.30412,6.66023,4.01373,6.71899,8.7756,9.52167,8.23667,8.28495,8.36908
NJ, Union County ,4.58782,6.65168,5.68586,5.11741,5.88329,5.89173,5.5222,6.0957,5.6869,7.13703,7.43882,6.47564,8.81599,6.20311,6.71477,5.968
NJ, Warren County ,4.85899,3.80225,5.61935,2.77359,9.21735,8.26788,7.33548,5.49556,8.23693,5.52013,4.60164,3.6998,13.00692,14.02079,4.66553,10.27356
NM, Bernalillo County ,6.63557,6.38025,7.45839,6.47305,9.32635,9.10096,9.86269,10.01599,11.59413,11.75072,9.93813,10.15994,12.0413,11.12001,12.89215,13.63046
NM, Catron County ,0,0,0,0,0,0,0,0,0,0,0,0,0,0,28.26456,57.82018
NM, Chaves County ,6.52348,3.28256,9.87362,9.79624,8.13299,8.04221,11.20251,12.58119,3.10665,9.21517,6.08337,6.09329,7.60977,24.29359,18.27263,15.26042
NM, Cibola County ,11.70366,15.10118,11.28159,7.4239,3.68094,14.70372,7.39864,14.67459,22.01108,18.45223,25.62788,18.17653,7.32172,36.44448,14.6504,14.64022
NM, Colfax County ,0,7.07214,21.10447,21.29472,0,7.12708,0,7.17721,14.53066,21.84837,21.84042,7.34538,30.24346,30.6772,23.67051,0
NM, Curry County ,2.22267,4.448,4.43135,4.40674,10.72041,8.51408,6.38054,10.73238,13.18334,8.59199,8.1701,10.06056,3.94555,11.8638,9.80988,7.96718
NM, De Baca County ,45.08566,0,0,0,0,47.66444,0,0,0,0,0,0,51.51984,105.6524,54.85464,54.61496
NM, Dona Ana County ,3.42665,2.83293,6.16371,7.69041,5.94791,3.69981,6.19512,7.58139,4.48084,7.78964,7.61169,11.74431,9.80566,12.63743,7.02458,12.6424
NM, Eddy County ,5.83669,13.78903,5.88212,11.75641,11.70914,7.88457,9.73407,15.40743,17.12133,9.33219,7.42032,25.90434,11.02455,17.98593,8.83533,6.94312
NM, Grant County ,9.7144,6.51636,13.2604,6.78311,0,17.07592,13.55794,13.40438,13.36854,23.43881,17.00738,23.81519,20.46385,17.09928,3.4497,7.00182
NM, Guadalupe County ,21.30833,0,41.91993,41.02564,21.13718,0,0,21.01282,0,21.56567,0,21.50075,21.68257,0,44.99438,91.65903
NM, Harding County ,0,0,0,0,0,0,133.51135,0,0,0,0,0,0,0,0,143.06152
NM, Hidalgo County ,0,18.38573,0,0,0,0,0,0,19.91239,19.92429,0,0,20.89864,0,0,22.65519
NM, Lea County ,0,5.41741,7.09975,1.76544,3.48002,12.00048,1.67951,8.18894,6.37582,6.20319,6.18975,6.15035,6.04394,11.7364,10.04203,9.88031
NM, Lincoln County ,5.13426,5.1725,10.2738,10.03512,14.82067,14.66777,9.7144,4.89189,4.88806,4.87306,14.66061,4.9034,4.95099,10.01051,5.09295,5.15703
NM, Los Alamos County ,0,0,0,10.86484,10.86012,0,5.41213,0,5.57911,0,0,0,0,5.61262,28.29975,11.30199
NM, Luna County ,8.02955,4.0662,4.06009,4.03845,4.02868,3.98375,0,7.8964,3.94089,7.9621,11.94838,7.95703,12.00817,16.20352,4.07498,12.2569
NM, McKinley County ,4.02344,6.7216,5.48938,9.78405,12.58741,11.32086,7.08808,8.57645,15.61413,12.75384,13.93864,12.2469,8.25412,9.55371,10.80439,13.02083
NM, Mora County ,0,0,0,19.43635,19.75894,0,20.03205,40.29009,0,0,20.47502,0,21.39037,0,21.87705,0
NM, Otero County ,4.82695,4.8958,6.53659,6.51774,6.38345,6.39662,3.21543,6.40348,20.80067,4.80292,12.43085,4.58057,12.11827,16.71402,10.77022,15.52072
NM, Quay County ,9.98801,10.21346,0,0,0,0,0,11.11605,11.13834,22.42152,0,0,22.68603,34.53436,0,23.66304
NM, Rio Arriba County ,2.42736,14.68069,9.82391,14.84561,9.91522,14.92612,17.35465,9.93345,2.4995,7.49569,24.80774,9.92236,12.42113,9.98552,25.1623,17.70986
NM, Roosevelt County ,11.10679,5.44158,5.36855,0,0,10.47504,5.21213,5.16556,0,0,0,9.77469,0,10.002,10.2046,5.24274
NM, San Juan County ,7.00949,3.45587,5.02386,3.29075,4.05913,3.2049,5.59875,6.34171,6.30393,4.63825,9.22119,5.46913,5.45464,11.85602,12.89751,8.42453
NM, San Miguel County ,6.65513,6.71411,6.73242,3.38639,3.38444,3.37598,6.8055,10.25326,17.10337,27.27025,3.40124,23.86228,10.33556,10.45442,14.12529,28.62152
NM, Sandoval County ,9.86291,9.63185,5.1941,4.02617,14.62231,9.30787,7.00335,6.64446,5.58356,7.75284,6.79912,8.19391,8.86374,11.72316,10.17886,14.37226
NM, Santa Fe County ,3.08373,6.10421,6.7388,6.65616,5.86549,2.90677,8.64641,8.55859,9.17405,10.47449,8.30651,11.00579,17.78909,9.53977,7.46628,13.54023
NM, Sierra County ,7.5706,23.14815,7.89141,7.87216,8.07624,8.25083,25.00625,8.46597,8.39349,41.87605,24.93766,8.31532,8.4168,69.19817,44.18913,26.64062
NM, Socorro County ,16.66482,11.16882,5.62778,5.55648,11.14579,0,0,5.5571,16.69821,11.15636,5.61703,11.22523,0,0,5.77367,34.83916
NM, Taos County ,6.64894,6.61463,9.72636,15.97087,9.47119,28.25746,12.43394,6.15669,0,18.29715,9.11743,3.03665,24.37761,15.15565,12.10434,15.20358
NM, Torrance County ,5.91191,0,6.05327,17.77356,5.81937,23.94923,11.956,24.15605,12.30239,0,12.21076,12.19512,6.22123,6.37714,0,6.48424
NM, Union County ,0,0,0,0,0,23.82087,23.75297,0,22.83105,0,0,0,0,22.87283,0,0
NM, Valencia County ,6.01929,5.91795,7.30983,8.7146,10.14184,12.84008,6.9773,5.42719,9.34842,7.9187,11.72165,14.30857,15.65782,18.35151,7.91818,21.15395
UT, Beaver County ,0,0,0,0,0,16.14987,0,0,0,0,0,0,30.8024,0,15.56663,0
UT, Box Elder County ,2.33198,4.61233,2.27077,2.24477,0,0,2.17637,6.35687,2.06454,6.07632,0,7.95846,1.98969,3.93647,7.77681,0
UT, Cache County ,1.0886,0,1.0472,0,1.01159,0.99501,3.95116,1.93005,0,1.81338,1.76421,0.87053,1.72516,1.70651,0.84619,3.33167
UT, Carbon County ,0,0,0,4.96376,0,5.03271,4.98206,0,19.42125,4.7297,9.33663,18.75381,0,23.88345,9.68101,0
UT, Daggett County ,0,0,0,0,0,0,0,0,0,0,0,0,0,0,0,0
UT, Davis County ,1.66374,1.63474,1.60208,1.56506,0.3814,1.48584,2.51076,5.20407,2.36646,4.96746,2.92229,3.84479,2.21403,4.02731,3.33892,3.27607
UT, Duchesne County ,0,0,6.68047,13.33156,0,0,0,6.00565,0,10.78981,5.38793,16.06512,5.26233,9.995,4.93583,14.43626
UT, Emery County ,0,0,0,0,0,19.10037,0,9.46432,0,0,9.10581,0,0,9.31272,0,9.65997
UT, Garfield County ,0,0,21.50538,0,0,0,0,20.61856,0,0,0,0,19.66568,0,0,0
UT, Grand County ,0,11.85396,11.6877,0,11.72608,0,0,0,0,11.06929,0,0,21.47305,10.71582,10.61571,10.53408
UT, Iron County ,2.941,0,5.59785,2.76228,5.37302,0,2.38095,2.29121,0,2.18852,4.32302,12.85981,4.28211,2.14445,16.95454,10.35325
UT, Juab County ,0,11.92179,0,0,0,0,0,10.40908,0,9.79528,0,0,19.45147,9.75134,0,9.46432
UT, Kane County ,0,16.66667,0,0,16.12903,0,0,14.75361,0,0,0,0,0,0,0,14.04494
UT, Millard County ,8.07428,0,0,8.21828,0,8.37872,0,0,8.23316,0,0,15.87932,23.95401,0,0,0
UT, Morgan County ,0,0,0,0,0,12.53604,11.98753,0,0,0,0,10.35197,10.18123,19.53125,18.80406,9.01632
UT, Piute County ,0,0,0,0,0,0,0,0,66.18134,0,0,0,0,0,67.61325,0
UT, Rich County ,0,0,0,0,0,0,0,0,0,0,0,0,0,0,0,0
UT, Salt Lake County ,2.55267,2.30579,2.06937,3.78459,3.31856,3.69213,3.51676,3.55793,4.90219,5.11411,5.80736,6.58062,6.3882,5.92175,7.51336,7.78547
UT, San Juan County ,0,7.41015,0,0,0,0,7.31048,0,0,6.8899,0,6.7627,0,26.68802,6.57549,19.09976
UT, Sanpete County ,4.38481,4.29295,0,4.19006,0,4.06388,3.99186,3.86907,0,0,10.75963,0,7.14362,0,0,10.4163
UT, Sevier County ,10.5949,10.54018,5.23889,0,0,0,0,4.94169,4.8546,4.83232,4.81417,4.79226,4.82719,4.80238,14.40853,9.5511
UT, Summit County ,0,0,0,0,0,5.85875,2.92039,5.77251,0,2.79033,0,0,5.28164,0,0,7.59859
UT, Tooele County ,0,0,0,2.14353,2.08794,2.03013,1.94239,1.85801,3.57724,3.4954,5.12672,5.06158,10.02138,6.58447,0,3.18071
UT, Uintah County ,3.96589,3.87807,3.7886,3.76492,0,3.6152,0,0,3.22487,0,6.16409,6.01052,5.76668,5.59644,10.8231,7.93882
UT, Utah County ,0.53791,1.03715,1.00707,1.23105,1.6818,1.62527,1.78454,1.49071,2.0508,1.98098,1.73038,3.20345,1.29589,3.62066,3.02905,2.60962
UT, Wasatch County ,6.48466,0,5.89102,0,0,0,0,9.34012,4.5208,0,0,8.19571,0,15.03251,7.19709,6.85753
UT, Washington County ,7.67493,3.1742,5.03657,2.87941,2.72215,6.72269,7.09802,3.02396,4.42635,4.37675,5.77855,7.06509,7.60651,5.41903,4.6096,7.71952
UT, Wayne County ,0,0,0,0,0,0,0,0,0,35.86801,0,0,0,36.65689,0,0
UT, Weber County ,4.05193,3.49872,1.97001,1.46114,2.40623,1.42755,5.17267,3.67703,3.5766,7.01391,4.73701,7.69158,4.22717,4.19238,7.89903,10.26892
WA, Clallam County ,4.66788,7.72129,6.08115,10.55791,4.45031,10.18626,12.92324,12.82307,9.89134,12.66232,11.18427,5.57297,11.13834,12.46434,8.2506,17.68178
WA, Grays Harbor County ,7.45434,4.41852,8.78941,11.58329,7.16589,7.09995,7.01695,9.74564,13.88368,11.03936,10.97951,8.29313,13.93806,15.49536,14.12848,19.71192
WA, Island County ,1.39109,5.41389,10.68947,5.3569,5.15019,3.86653,7.58188,11.43206,1.27592,3.83396,11.43467,8.8602,11.35303,11.4514,6.30787,16.08991
WA, Jefferson County ,3.78587,11.17527,11.02901,7.24953,7.15589,0,10.26027,20.44572,6.74582,6.73083,26.75406,23.43332,10.05969,9.9827,6.62164,22.99153
WA, King County ,5.98042,5.929,6.08409,6.52134,6.81576,7.18556,8.61233,9.30743,9.33323,10.66939,9.90821,10.79879,11.10136,10.31344,11.54464,11.35151
WA, Kitsap County ,3.86731,7.24907,4.1994,4.17087,7.02595,6.67206,6.52917,8.60286,6.07504,7.23473,5.16416,10.61108,11.77722,10.27205,10.61855,10.74798
WA, Mason County ,8.05948,7.9526,1.95255,9.55092,7.43232,5.43498,14.06668,15.33768,15.05394,11.60227,13.16937,11.49048,16.44872,29.72112,11.53099,18.02215
WA, Pierce County ,5.53983,3.34986,5.76851,5.31358,6.21507,5.74753,9.69337,10.0973,8.65801,9.4164,11.31454,11.57883,10.47218,12.09354,11.80441,13.40966
WA, San Juan County ,0,13.95284,0,20.28809,13.27052,19.77979,6.54879,12.98701,12.82874,6.36375,19.02346,0,18.97533,12.59843,12.48362,12.31982
WA, Skagit County ,5.80159,6.69639,7.57841,4.65684,11.92332,9.03481,7.9914,5.26011,9.49848,6.86359,11.11054,11.88869,9.32306,16.85218,17.45592,11.50143
WA, Snohomish County ,6.07369,3.53476,6.33386,5.66383,6.21569,5.34474,8.7967,9.35677,9.35761,10.19394,7.12765,10.52207,10.10407,11.00488,9.49921,11.81565
WA, Thurston County ,4.32096,5.64916,6.4721,4.10025,5.82999,7.92871,5.15712,9.25256,11.8691,10.00256,6.32256,11.69518,10.81904,9.9034,10.91009,8.54437
WA, Whatcom County ,3.5779,5.84208,10.8631,2.81134,4.95169,4.85306,6.881,4.66715,11.69246,10.50709,7.44099,7.37166,9.75572,13.08469,10.0804,11.312
